pair_id,candidate_a,candidate_b,valid,winner_anonymous,decision_basis,median_log_ratio_A_over_B,n_metrics_A_better,n_metrics_B_better,delta_far_profile_nu_blind,delta_far_profile_r2_blind,delta_far_profile_coeff_A_minus_B_blind,delta_far_profile_boundary_hit_blind,delta_source_monopole_A_minus_B_blind,delta_source_monopole_fraction_abs_blind,delta_pressure_ladder_n_blind,delta_pressure_ladder_nu_span_blind,delta_pressure_ladder_monopole_rel_span_blind,carrier_id,family,beta_parameter,beta_total_thread_over_core,thread_coupling_mode,campaign_role,gamma_core,n_threads,helix_turns,winner_condition,log_ratio_active_over_null,analysis_mode,active_dynamic_status,null_dynamic_status,active_actual_tau_end,null_actual_tau_end,pressure_delta_active_minus_null,delta_source_monopole_active_minus_null,delta_source_monopole_fraction_abs,delta_far_profile_coeff_active_minus_null,active_pressure_center_minus_shell,null_pressure_center_minus_shell,active_far_profile_nu_best,active_far_profile_r2_best,active_far_profile_coeff_best,active_far_profile_nu_boundary_hit,delta_far_profile_nu_best,delta_far_profile_r2_best,delta_far_profile_coeff_best,delta_far_profile_nu_boundary_hit,active_r2_1_over_r,active_r2_1_over_r2,active_r2_advantage_1_over_r,delta_pressure_ladder_n,delta_pressure_ladder_nu_median,delta_pressure_ladder_nu_span,delta_pressure_ladder_monopole_rel_span,active_thread_density_log_growth,null_thread_density_log_growth,thread_density_growth_active_minus_null,active_restoring_fraction,null_restoring_fraction,active_max_real_growth,null_max_real_growth,active_gear_phase_lock_score,null_gear_phase_lock_score,active_best_rational_p,active_best_rational_q,active_thread_over_carrier_rate
PAIR_99FEF6CEC315,CAND_A2C20509B7C05230,CAND_685034BC22C42557,True,UNSCORED,NO_BLIND_PAIR_SCORE,,0,0,0.42499999999999993,0.9987034021492583,-0.09122372394157652,False,1.4599881043606127,0.07191278679740301,0,nan,nan,TWIST_4_1,twist,-0.5,-0.5,total_beta,general,1.0,3,1.0,unscored,nan,pressure_only,NOT_RUN,NOT_RUN,nan,nan,0.011636098187676941,-1.4599881043606127,0.07191278679740301,0.09122372394157652,0.06183124687151287,0.05019514868383593,0.8499999999999999,0.9999289375283905,0.39810184781563,False,0.42499999999999993,0.9987034021492583,-0.09122372394157652,False,0.9996468706478423,0.9836114613417438,0.01603540930609848,0,nan,nan,nan,nan,nan,nan,nan,nan,nan,nan,nan,nan,,,nan
PAIR_1C3774F74C21,CAND_A47EDDBF84076AEC,CAND_B9CD37204C9E580F,True,UNSCORED,NO_BLIND_PAIR_SCORE,,0,0,0.4,0.9987184122993606,0.027512589707961405,False,-0.4405709544395169,0.02134741110509959,0,nan,nan,TWIST_7_2,twist,0.25,0.25,total_beta,general,1.0,3,1.0,unscored,nan,pressure_only,NOT_RUN,NOT_RUN,nan,nan,-0.02145923757967838,-0.4405709544395169,0.02134741110509959,0.027512589707961405,0.4337312604634991,0.45519049804317746,0.9749999999999999,0.9999983549376855,0.8994939990561371,False,0.4,0.9987184122993606,0.027512589707961405,False,0.9999885903221558,0.9870631139826833,0.012925476339472497,0,nan,nan,nan,nan,nan,nan,nan,nan,nan,nan,nan,nan,,,nan
PAIR_84B187C6BAB7,CAND_57EB6B860AB21CAC,CAND_B9CD37204C9E580F,True,UNSCORED,NO_BLIND_PAIR_SCORE,,0,0,0.1,0.9962573420917736,0.6325522674172118,True,-4.570791408730974,0.17279108211745187,0,nan,nan,TWIST_7_2,twist,-1.0,-1.0,total_beta,general,1.0,3,1.0,unscored,nan,pressure_only,NOT_RUN,NOT_RUN,nan,nan,0.01926937044338184,-4.570791408730974,0.17279108211745187,0.6325522674172118,0.4744598684865593,0.45519049804317746,0.725,0.9997887306436973,1.016786346111033,False,0.1,0.9962573420917736,0.6325522674172118,True,0.9988448766007073,0.9796500853491041,0.01919479125160317,0,nan,nan,nan,nan,nan,nan,nan,nan,nan,nan,nan,nan,,,nan
PAIR_970795622425,CAND_A646C6B1E9AD2B01,CAND_BCA8FFDBD1AA4AA7,True,UNSCORED,NO_BLIND_PAIR_SCORE,,0,0,0.475,0.9987341083347897,-0.02014041792488724,False,0.33226492347445813,0.013158473408776218,0,nan,nan,TORUS_T2_3,torus,-0.25,-0.25,total_beta,general,1.0,3,1.0,unscored,nan,pressure_only,NOT_RUN,NOT_RUN,nan,nan,-0.00660410304179887,-0.33226492347445813,0.013158473408776218,0.02014041792488724,0.3674657485107895,0.3740698515525884,0.9749999999999999,0.9999986514623722,0.8146858073920129,False,0.475,0.9987341083347897,-0.02014041792488724,False,0.9999918612848439,0.9871838417294755,0.012808019555368366,0,nan,nan,nan,nan,nan,nan,nan,nan,nan,nan,nan,nan,,,nan
PAIR_C028DCFF79AB,CAND_833F77C8012019B6,CAND_7F2E734F13721C7A,True,UNSCORED,NO_BLIND_PAIR_SCORE,,0,0,0.2,0.997641502763187,-0.11595392650977542,False,1.3657960774703746,0.062430240675368634,0,nan,nan,TWIST_5_2,twist,-0.5,-0.5,total_beta,general,1.0,3,1.0,unscored,nan,pressure_only,NOT_RUN,NOT_RUN,nan,nan,-0.039662974284059516,-1.3657960774703746,0.062430240675368634,0.11595392650977542,0.39051475921959067,0.4301777335036502,0.8999999999999999,0.9999686733718396,0.7257414775760533,False,0.2,0.997641502763187,-0.11595392650977542,False,0.9998183619759069,0.984817675168797,0.015000686807109864,0,nan,nan,nan,nan,nan,nan,nan,nan,nan,nan,nan,nan,,,nan
PAIR_F44533DCE5F2,CAND_E54F45B88D960129,CAND_7A9066CE71E013A5,True,UNSCORED,NO_BLIND_PAIR_SCORE,,0,0,0.42499999999999993,0.9985138869702972,-0.07601187373936259,False,1.2345024179449435,0.02766408825538214,0,nan,nan,TRIPLE_GEAR_T3_3,triple_gear,-0.5,-0.5,total_beta,general,1.0,3,1.0,unscored,nan,pressure_only,NOT_RUN,NOT_RUN,nan,nan,-0.01887540390707021,-1.2345024179449435,0.02766408825538214,0.07601187373936259,0.3936884511923451,0.4125638550994153,0.95,0.9999903735652175,1.0960552947583333,False,0.42499999999999993,0.9985138869702972,-0.07601187373936259,False,0.9999520372710815,0.986325697813041,0.013626339458040482,0,nan,nan,nan,nan,nan,nan,nan,nan,nan,nan,nan,nan,,,nan
PAIR_FA3F55680807,CAND_8AE94B03525A3DB8,CAND_B3FEF913BB8E6E12,True,UNSCORED,NO_BLIND_PAIR_SCORE,,0,0,0.35,0.9979962990332757,1.1416016669813225,False,-17.694293251135033,0.3275922978787834,0,nan,nan,TORUS_T2_7,torus,2.0,2.0,total_beta,general,1.0,3,1.0,unscored,nan,pressure_only,NOT_RUN,NOT_RUN,nan,nan,-0.15728322640526515,-17.694293251135033,0.3275922978787834,1.1416016669813225,0.15347413004153398,0.31075735644679914,0.6,0.9993643284088713,1.7933177515668532,False,0.35,0.9979962990332757,1.1416016669813225,False,0.9973041859446651,0.974716650584229,0.022587535360436117,0,nan,nan,nan,nan,nan,nan,nan,nan,nan,nan,nan,nan,,,nan
PAIR_0F5672E179DB,CAND_0B937FDDC610EA1B,CAND_CFB3561530CE4503,True,UNSCORED,NO_BLIND_PAIR_SCORE,,0,0,0.32499999999999996,0.9978930865306445,-1.1370933932816232,False,17.15110119447347,0.31458382482606556,0,nan,nan,TORUS_T2_9,torus,2.0,2.0,total_beta,general,1.0,3,1.0,unscored,nan,pressure_only,NOT_RUN,NOT_RUN,nan,nan,-0.18619245631073855,-17.15110119447347,0.31458382482606556,1.1370933932816232,0.15053545983631078,0.33672791614704933,0.6249999999999999,0.9993922351416893,1.823314177404722,False,0.32499999999999996,0.9978930865306445,-1.1370933932816232,False,0.9974257544438137,0.97507458924163,0.02235116520218361,0,nan,nan,nan,nan,nan,nan,nan,nan,nan,nan,nan,nan,,,nan
PAIR_61AAD32452B1,CAND_83E872EDFD385415,CAND_0B937FDDC610EA1B,True,UNSCORED,NO_BLIND_PAIR_SCORE,,0,0,0.575,0.9992711825185504,0.026006246495973825,False,-0.426643255843862,0.017020808267920247,0,nan,nan,TORUS_T2_9,torus,-0.25,-0.25,total_beta,general,1.0,3,1.0,unscored,nan,pressure_only,NOT_RUN,NOT_RUN,nan,nan,-0.007268837497415248,-0.426643255843862,0.017020808267920247,0.026006246495973825,0.3294590786496341,0.33672791614704933,0.9749999999999999,0.9999987760758684,1.0006591823273223,False,0.575,0.9992711825185504,0.026006246495973825,False,0.9999939092703444,0.9872631727765998,0.012730736493744566,0,nan,nan,nan,nan,nan,nan,nan,nan,nan,nan,nan,nan,,,nan
PAIR_38ECB991D898,CAND_7D96CEA746587C00,CAND_B9CD37204C9E580F,True,UNSCORED,NO_BLIND_PAIR_SCORE,,0,0,0.25,0.997896213814028,0.24072694437179412,False,-3.221635431265252,0.12628459014515775,0,nan,nan,TWIST_7_2,twist,0.75,0.75,total_beta,general,1.0,3,1.0,unscored,nan,pressure_only,NOT_RUN,NOT_RUN,nan,nan,-0.08434798670163424,-3.221635431265252,0.12628459014515775,0.24072694437179412,0.3708425113415432,0.45519049804317746,0.825,0.9999231877108107,0.9904075979783351,False,0.25,0.997896213814028,0.24072694437179412,False,0.9995651943435598,0.98305387102871,0.016511323314849835,0,nan,nan,nan,nan,nan,nan,nan,nan,nan,nan,nan,nan,,,nan
PAIR_E0A5BDBB89D8,CAND_0B937FDDC610EA1B,CAND_59D567FFDC42F5E6,True,UNSCORED,NO_BLIND_PAIR_SCORE,,0,0,0.22499999999999998,0.997216548669273,-0.1695815134325367,False,2.147444772672481,0.07587870702664007,0,nan,nan,TORUS_T2_9,torus,0.75,0.75,total_beta,general,1.0,3,1.0,unscored,nan,pressure_only,NOT_RUN,NOT_RUN,nan,nan,-0.018917346889430586,-2.147444772672481,0.07587870702664007,0.1695815134325367,0.31781056925761875,0.33672791614704933,0.8749999999999999,0.9999542974155023,1.0442679170064753,False,0.22499999999999998,0.997216548669273,-0.1695815134325367,False,0.999792708111904,0.9846698708279098,0.015122837283994217,0,nan,nan,nan,nan,nan,nan,nan,nan,nan,nan,nan,nan,,,nan
PAIR_3F1209A59A8C,CAND_B3FEF913BB8E6E12,CAND_817E50CD7B3DB5EE,True,UNSCORED,NO_BLIND_PAIR_SCORE,,0,0,0.275,0.9976259119044956,-0.1649720312187596,False,2.316196914785456,0.08519507666995718,0,nan,nan,TORUS_T2_7,torus,0.75,0.75,total_beta,general,1.0,3,1.0,unscored,nan,pressure_only,NOT_RUN,NOT_RUN,nan,nan,-0.008106860635251123,-2.316196914785456,0.08519507666995718,0.1649720312187596,0.302650495811548,0.31075735644679914,0.8749999999999999,0.9999502350003608,0.9918097759212252,False,0.275,0.9976259119044956,-0.1649720312187596,False,0.9997666000688293,0.9844669537829582,0.015299646285871105,0,nan,nan,nan,nan,nan,nan,nan,nan,nan,nan,nan,nan,,,nan
PAIR_120D8FC39114,CAND_805FDF7BF5DE3B0E,CAND_833F77C8012019B6,True,UNSCORED,NO_BLIND_PAIR_SCORE,,0,0,0.1,0.9964794744534218,0.16209436896909754,True,-1.1674340131252432,0.05407610189446406,0,nan,nan,TWIST_5_2,twist,0.5,0.5,total_beta,general,1.0,3,1.0,unscored,nan,pressure_only,NOT_RUN,NOT_RUN,nan,nan,0.013035942333927353,-1.1674340131252432,0.05407610189446406,0.16209436896909754,0.44321367583757754,0.4301777335036502,0.8999999999999999,0.9999668899767872,0.7110758544885495,False,0.1,0.9964794744534218,0.16209436896909754,True,0.9998112799046035,0.9847575613438082,0.015053718560795293,0,nan,nan,nan,nan,nan,nan,nan,nan,nan,nan,nan,nan,,,nan
PAIR_0665A1F9F05D,CAND_B3FEF913BB8E6E12,CAND_69F05CE117F13B75,True,UNSCORED,NO_BLIND_PAIR_SCORE,,0,0,0.4,0.998386753159788,-0.6803640344286276,False,10.91659316623382,0.2710239281005686,0,nan,nan,TORUS_T2_7,torus,-1.5,-1.5,total_beta,general,1.0,3,1.0,unscored,nan,pressure_only,NOT_RUN,NOT_RUN,nan,nan,-0.16693393608969898,-10.91659316623382,0.2710239281005686,0.6803640344286276,0.14382342035710016,0.31075735644679914,0.7,0.9996753691201129,1.4344311751535108,False,0.4,0.998386753159788,-0.6803640344286276,False,0.9985878188052338,0.9788438042586387,0.019744014546595134,0,nan,nan,nan,nan,nan,nan,nan,nan,nan,nan,nan,nan,,,nan
PAIR_CCF994DA6959,CAND_E54F45B88D960129,CAND_034692412CCAAD2A,True,UNSCORED,NO_BLIND_PAIR_SCORE,,0,0,0.32499999999999996,0.9979169149080076,-0.15916327782982403,False,2.399431061239957,0.05108094497486589,0,nan,nan,TRIPLE_GEAR_T3_3,triple_gear,0.75,0.75,total_beta,general,1.0,3,1.0,unscored,nan,pressure_only,NOT_RUN,NOT_RUN,nan,nan,-0.022618529377151253,-2.399431061239957,0.05108094497486589,0.15916327782982403,0.38994532572226404,0.4125638550994153,0.8999999999999999,0.9999613625980328,1.1355008868524386,False,0.32499999999999996,0.9979169149080076,-0.15916327782982403,False,0.9998172751821777,0.9848695322555417,0.01494774292663592,0,nan,nan,nan,nan,nan,nan,nan,nan,nan,nan,nan,nan,,,nan
PAIR_505B9AB87A9F,CAND_D870F5C6B934BC9B,CAND_A646C6B1E9AD2B01,True,UNSCORED,NO_BLIND_PAIR_SCORE,,0,0,0.3,0.9977742065836358,0.07120460056879133,False,-1.0394642009195785,0.03895773940634106,0,nan,nan,TORUS_T2_3,torus,0.5,0.5,total_beta,general,1.0,3,1.0,unscored,nan,pressure_only,NOT_RUN,NOT_RUN,nan,nan,-0.007161663778468275,-1.0394642009195785,0.03895773940634106,0.07120460056879133,0.3669081877741201,0.3740698515525884,0.9249999999999999,0.999984608687179,0.8334296607346877,False,0.3,0.9977742065836358,0.07120460056879133,False,0.9999266763751663,0.9859723239534317,0.013954352421734595,0,nan,nan,nan,nan,nan,nan,nan,nan,nan,nan,nan,nan,,,nan
PAIR_03200CDDD14A,CAND_B3FEF913BB8E6E12,CAND_25766CE762BEBCFC,True,UNSCORED,NO_BLIND_PAIR_SCORE,,0,0,0.1,0.9953513580283757,-0.027040014291329104,True,0.1961772310097949,0.008242051933115033,0,nan,nan,TORUS_T2_7,torus,0.25,0.25,total_beta,general,1.0,3,1.0,unscored,nan,pressure_only,NOT_RUN,NOT_RUN,nan,nan,0.004080959690479391,-0.1961772310097949,0.008242051933115033,0.027040014291329104,0.31483831613727853,0.31075735644679914,0.9749999999999999,0.9999987720546655,0.9136381172194393,False,0.1,0.9953513580283757,-0.027040014291329104,True,0.9999929011372928,0.9872219578352923,0.01277094330200046,0,nan,nan,nan,nan,nan,nan,nan,nan,nan,nan,nan,nan,,,nan
PAIR_AE2DBD3138F9,CAND_E54F45B88D960129,CAND_BE971437AD4B8926,True,UNSCORED,NO_BLIND_PAIR_SCORE,,0,0,0.4,0.9983652606791819,-0.29512682849338506,False,4.736303336240512,0.09553323219241866,0,nan,nan,TRIPLE_GEAR_T3_3,triple_gear,-1.0,-1.0,total_beta,general,1.0,3,1.0,unscored,nan,pressure_only,NOT_RUN,NOT_RUN,nan,nan,-0.06491434660761031,-4.736303336240512,0.09553323219241866,0.29512682849338506,0.347649508491805,0.4125638550994153,0.8499999999999999,0.9999066765314923,1.2547525465929656,False,0.4,0.9983652606791819,-0.29512682849338506,False,0.9995774073205126,0.9832250181169337,0.016352389203578843,0,nan,nan,nan,nan,nan,nan,nan,nan,nan,nan,nan,nan,,,nan
PAIR_38CD6D97BCFA,CAND_A2C20509B7C05230,CAND_23EA47678F34D9CF,True,UNSCORED,NO_BLIND_PAIR_SCORE,,0,0,0.4,0.9985228604871635,-0.7857614793704323,False,12.434511427158494,0.3130522645132551,0,nan,nan,TWIST_4_1,twist,1.5,1.5,total_beta,general,1.0,3,1.0,unscored,nan,pressure_only,NOT_RUN,NOT_RUN,nan,nan,-0.1581001757302131,-12.434511427158494,0.3130522645132551,0.7857614793704323,-0.10790502704637717,0.05019514868383593,0.5499999999999999,0.9992362743525707,1.0199555333568773,False,0.4,0.9985228604871635,-0.7857614793704323,False,0.9966044215375911,0.9726583710863395,0.023946050451251644,0,nan,nan,nan,nan,nan,nan,nan,nan,nan,nan,nan,nan,,,nan
PAIR_723E5566C507,CAND_2BEE42C9FE169BAF,CAND_371B12B1E83C77CD,True,UNSCORED,NO_BLIND_PAIR_SCORE,,0,0,0.44999999999999996,0.998721612736813,-0.020235879614412648,False,0.330790886796418,0.010724457183171273,0,nan,nan,TORUS_T2_5,torus,-0.25,-0.25,total_beta,general,1.0,3,1.0,unscored,nan,pressure_only,NOT_RUN,NOT_RUN,nan,nan,-0.008595353266776296,-0.330790886796418,0.010724457183171273,0.020235879614412648,0.4351738577704155,0.4437692110371918,0.9749999999999999,0.9999987754638411,0.9845259968930395,False,0.44999999999999996,0.998721612736813,-0.020235879614412648,False,0.999993867347877,0.9872614649796496,0.012732402368227369,0,nan,nan,nan,nan,nan,nan,nan,nan,nan,nan,nan,nan,,,nan
PAIR_FC1488D30D16,CAND_636180DF84BB1971,CAND_A646C6B1E9AD2B01,True,UNSCORED,NO_BLIND_PAIR_SCORE,,0,0,0.4,0.9983564745867204,0.29508438646178325,False,-4.737047789634868,0.14971503026327818,0,nan,nan,TORUS_T2_3,torus,-1.0,-1.0,total_beta,general,1.0,3,1.0,unscored,nan,pressure_only,NOT_RUN,NOT_RUN,nan,nan,-0.06715615189132668,-4.737047789634868,0.14971503026327818,0.29508438646178325,0.3069136996612617,0.3740698515525884,0.7999999999999999,0.9998642651191133,1.0080859172689873,False,0.4,0.9983564745867204,0.29508438646178325,False,0.9993918869648734,0.9822216324226775,0.017170254542195895,0,nan,nan,nan,nan,nan,nan,nan,nan,nan,nan,nan,nan,,,nan
PAIR_95DFFF05F5E1,CAND_0AEE5B31E10267C4,CAND_A2C20509B7C05230,True,UNSCORED,NO_BLIND_PAIR_SCORE,,0,0,0.4,0.9984708514644031,0.1934057420105247,False,-3.064541512284184,0.1347669071479331,0,nan,nan,TWIST_4_1,twist,0.75,0.75,total_beta,general,1.0,3,1.0,unscored,nan,pressure_only,NOT_RUN,NOT_RUN,nan,nan,-0.05595161014625996,-3.064541512284184,0.1347669071479331,0.1934057420105247,-0.005756461462424034,0.05019514868383593,0.7499999999999999,0.9997713586078827,0.478083062571989,False,0.4,0.9984708514644031,0.1934057420105247,False,0.9989196331183828,0.9800513991250622,0.018868233993320604,0,nan,nan,nan,nan,nan,nan,nan,nan,nan,nan,nan,nan,,,nan
PAIR_E99333BCDE43,CAND_530F66CC61ABE54C,CAND_B3FEF913BB8E6E12,True,UNSCORED,NO_BLIND_PAIR_SCORE,,0,0,0.3,0.9977864152925097,0.290486813242864,False,-4.240039367551313,0.13974586420794124,0,nan,nan,TORUS_T2_7,torus,1.0,1.0,total_beta,general,1.0,3,1.0,unscored,nan,pressure_only,NOT_RUN,NOT_RUN,nan,nan,-0.02437564065146114,-4.240039367551313,0.13974586420794124,0.290486813242864,0.286381715795338,0.31075735644679914,0.825,0.9998763908400629,1.0852745401565334,False,0.3,0.9977864152925097,0.290486813242864,False,0.9994405788468737,0.9824677275309244,0.016972851315949278,0,nan,nan,nan,nan,nan,nan,nan,nan,nan,nan,nan,nan,,,nan
PAIR_DDC0DF64ABED,CAND_15B0FAB741889B82,CAND_A2C20509B7C05230,True,UNSCORED,NO_BLIND_PAIR_SCORE,,0,0,0.35,0.9982372559303357,0.02105434503539426,False,-0.32091068158471536,0.017879850423956553,0,nan,nan,TWIST_4_1,twist,0.25,0.25,total_beta,general,1.0,3,1.0,unscored,nan,pressure_only,NOT_RUN,NOT_RUN,nan,nan,-0.013517541666787397,-0.32091068158471536,0.017879850423956553,0.02105434503539426,0.03667760701704853,0.05019514868383593,0.95,0.9999926693959974,0.3439011341216613,False,0.35,0.9982372559303357,0.02105434503539426,False,0.9999588622105673,0.9864240231457736,0.013534839064793691,0,nan,nan,nan,nan,nan,nan,nan,nan,nan,nan,nan,nan,,,nan
PAIR_5FBE8651979F,CAND_FDB51FAA02CD23AB,CAND_B9CD37204C9E580F,True,UNSCORED,NO_BLIND_PAIR_SCORE,,0,0,0.1,0.9847272040295908,0.02468532163597108,True,-0.19273656820938712,0.00961333648018016,0,nan,nan,TWIST_7_2,twist,-0.25,-0.25,total_beta,general,1.0,3,1.0,unscored,nan,pressure_only,NOT_RUN,NOT_RUN,nan,nan,0.01480247959214509,-0.19273656820938712,0.00961333648018016,0.02468532163597108,0.46999297763532255,0.45519049804317746,0.9749999999999999,0.9999982742308318,0.8801956280980254,False,0.1,0.9847272040295908,0.02468532163597108,True,0.9999882521318652,0.9870524863450463,0.012935765786818876,0,nan,nan,nan,nan,nan,nan,nan,nan,nan,nan,nan,nan,,,nan
PAIR_CB1A42994BA1,CAND_CBEC8E921AC65083,CAND_B9CD37204C9E580F,True,UNSCORED,NO_BLIND_PAIR_SCORE,,0,0,0.175,0.997472043714737,1.9650952417064624,False,-21.25717826968539,0.37736583438891075,0,nan,nan,TWIST_7_2,twist,2.0,2.0,total_beta,general,1.0,3,1.0,unscored,nan,pressure_only,NOT_RUN,NOT_RUN,nan,nan,-0.35806312428835396,-21.25717826968539,0.37736583438891075,1.9650952417064624,0.0971273737548235,0.45519049804317746,0.475,0.9990788459858968,1.9725485704029326,False,0.175,0.997472043714737,1.9650952417064624,False,0.995370831192494,0.9692775271003025,0.02609330409219157,0,nan,nan,nan,nan,nan,nan,nan,nan,nan,nan,nan,nan,,,nan
PAIR_57188A92576B,CAND_DBB06A327E7D59A7,CAND_833F77C8012019B6,True,UNSCORED,NO_BLIND_PAIR_SCORE,,0,0,0.1,0.9968520629964988,0.6800627251870782,True,-4.86809811684609,0.17866379411700822,0,nan,nan,TWIST_5_2,twist,1.0,1.0,total_beta,general,1.0,3,1.0,unscored,nan,pressure_only,NOT_RUN,NOT_RUN,nan,nan,-0.0005551472822790116,-4.86809811684609,0.17866379411700822,0.6800627251870782,0.42962258622137117,0.4301777335036502,0.6749999999999999,0.9997038220230777,0.8510222304566115,False,0.1,0.9968520629964988,0.6800627251870782,True,0.9984127785700486,0.9780261876106293,0.020386590959419304,0,nan,nan,nan,nan,nan,nan,nan,nan,nan,nan,nan,nan,,,nan
PAIR_5773F3356EFC,CAND_2BEE42C9FE169BAF,CAND_8942855C7F5D7DA0,True,UNSCORED,NO_BLIND_PAIR_SCORE,,0,0,0.4,0.998400519723263,-0.16821167465016224,False,2.6971583431709476,0.0789863171428331,0,nan,nan,TORUS_T2_5,torus,-0.75,-0.75,total_beta,general,1.0,3,1.0,unscored,nan,pressure_only,NOT_RUN,NOT_RUN,nan,nan,-0.04615529635279836,-2.6971583431709476,0.0789863171428331,0.16821167465016224,0.39761391468439344,0.4437692110371918,0.8999999999999999,0.9999582454429382,1.0934223790395414,False,0.4,0.998400519723263,-0.16821167465016224,False,0.9998069260560802,0.9847862169263971,0.015020709129683119,0,nan,nan,nan,nan,nan,nan,nan,nan,nan,nan,nan,nan,,,nan
PAIR_F282B7E85D83,CAND_2842EC0B44D6B614,CAND_B9CD37204C9E580F,True,UNSCORED,NO_BLIND_PAIR_SCORE,,0,0,0.1,0.996618670676033,1.4826393819991444,True,-10.656032248989884,0.2994387639058035,0,nan,nan,TWIST_7_2,twist,-1.5,-1.5,total_beta,general,1.0,3,1.0,unscored,nan,pressure_only,NOT_RUN,NOT_RUN,nan,nan,-0.011036492260126152,-10.656032248989884,0.2994387639058035,1.4826393819991444,0.4441540057830513,0.45519049804317746,0.5499999999999999,0.999387331806563,1.3278940449145402,False,0.1,0.996618670676033,1.4826393819991444,True,0.9968426943586776,0.9731392665534686,0.023703427805208954,0,nan,nan,nan,nan,nan,nan,nan,nan,nan,nan,nan,nan,,,nan
PAIR_26DF0C8F7DAB,CAND_833F77C8012019B6,CAND_F9E0EC8E7747A8CF,True,UNSCORED,NO_BLIND_PAIR_SCORE,,0,0,0.15,0.9972884596301628,-2.1226615711273706,False,20.662564853455166,0.3955593848616178,0,nan,nan,TWIST_5_2,twist,-2.0,-2.0,total_beta,general,1.0,3,1.0,unscored,nan,pressure_only,NOT_RUN,NOT_RUN,nan,nan,-0.31841408883703226,-20.662564853455166,0.3955593848616178,2.1226615711273706,0.11176364466661792,0.4301777335036502,0.42499999999999993,0.998831497106596,1.8053366648402218,False,0.15,0.9972884596301628,-2.1226615711273706,False,0.9942364467335505,0.9665598529661414,0.027676593767409052,0,nan,nan,nan,nan,nan,nan,nan,nan,nan,nan,nan,nan,,,nan
PAIR_AF6772ACC728,CAND_845CCBF129BEA1A0,CAND_0B937FDDC610EA1B,True,UNSCORED,NO_BLIND_PAIR_SCORE,,0,0,0.15,0.9964161029791002,0.08785320933342591,False,-0.8604007584143076,0.03281366363164034,0,nan,nan,TORUS_T2_9,torus,0.5,0.5,total_beta,general,1.0,3,1.0,unscored,nan,pressure_only,NOT_RUN,NOT_RUN,nan,nan,-0.00582425469600778,-0.8604007584143076,0.03281366363164034,0.08785320933342591,0.33090366145104155,0.33672791614704933,0.95,0.9999885289080302,1.0095928143443804,False,0.15,0.9964161029791002,0.08785320933342591,False,0.9999459020932375,0.986233400911946,0.013712501181291525,0,nan,nan,nan,nan,nan,nan,nan,nan,nan,nan,nan,nan,,,nan
PAIR_A91712F29717,CAND_59486EEF94B5EA54,CAND_2BEE42C9FE169BAF,True,UNSCORED,NO_BLIND_PAIR_SCORE,,0,0,0.375,0.9982735607860387,1.176732092881916,False,-18.557660133667106,0.30699337787639763,0,nan,nan,TORUS_T2_5,torus,-2.0,-2.0,total_beta,general,1.0,3,1.0,unscored,nan,pressure_only,NOT_RUN,NOT_RUN,nan,nan,-0.2588757006239186,-18.557660133667106,0.30699337787639763,1.176732092881916,0.18489351041327318,0.4437692110371918,0.6249999999999999,0.9994542541766955,1.9090528704005767,False,0.375,0.9982735607860387,1.176732092881916,False,0.9976792688475765,0.9758380267096132,0.021841242137963346,0,nan,nan,nan,nan,nan,nan,nan,nan,nan,nan,nan,nan,,,nan
PAIR_A2EF8C90E739,CAND_A2C20509B7C05230,CAND_C7BD348E2444E008,True,UNSCORED,NO_BLIND_PAIR_SCORE,,0,0,0.375,0.9984165044023527,-0.08631539019242916,False,1.342424519012777,0.06830729726190367,0,nan,nan,TWIST_4_1,twist,0.5,0.5,total_beta,general,1.0,3,1.0,unscored,nan,pressure_only,NOT_RUN,NOT_RUN,nan,nan,-0.03216807838220739,-1.342424519012777,0.06830729726190367,0.08631539019242916,0.018027070301628534,0.05019514868383593,0.8499999999999999,0.9999254612634896,0.3896344436799544,False,0.375,0.9984165044023527,-0.08631539019242916,False,0.9996300222499035,0.983505237773795,0.016124784476108545,0,nan,nan,nan,nan,nan,nan,nan,nan,nan,nan,nan,nan,,,nan
PAIR_516DF8992DD8,CAND_A742FAA20431A14C,CAND_A646C6B1E9AD2B01,True,UNSCORED,NO_BLIND_PAIR_SCORE,,0,0,0.35,0.9980666273158847,0.6421289329619696,False,-9.934368794232803,0.2403453416717764,0,nan,nan,TORUS_T2_3,torus,1.5,1.5,total_beta,general,1.0,3,1.0,unscored,nan,pressure_only,NOT_RUN,NOT_RUN,nan,nan,-0.10296447078366805,-9.934368794232803,0.2403453416717764,0.6421289329619696,0.2711053807689203,0.3740698515525884,0.6749999999999999,0.9996026999468587,1.2660476397765505,False,0.35,0.9980666273158847,0.6421289329619696,False,0.9982835955552175,0.9777765331247251,0.020507062430492384,0,nan,nan,nan,nan,nan,nan,nan,nan,nan,nan,nan,nan,,,nan
PAIR_0EF6037E984B,CAND_C8D7A00CB5CC6AA5,CAND_E54F45B88D960129,True,UNSCORED,NO_BLIND_PAIR_SCORE,,0,0,0.35,0.9980961874907377,1.1471943873510557,False,-17.734975331726268,0.24758068858429078,0,nan,nan,TRIPLE_GEAR_T3_3,triple_gear,2.0,2.0,total_beta,general,1.0,3,1.0,unscored,nan,pressure_only,NOT_RUN,NOT_RUN,nan,nan,-0.1961337723064196,-17.734975331726268,0.24758068858429078,1.1471943873510557,0.2164300827929957,0.4125638550994153,0.6249999999999999,0.9994585305894843,1.9122368469772846,False,0.35,0.9980961874907377,1.1471943873510557,False,0.9976938090139809,0.9758803135459767,0.02181349546800415,0,nan,nan,nan,nan,nan,nan,nan,nan,nan,nan,nan,nan,,,nan
PAIR_02BA73F41504,CAND_EE6651AA7FF8CBBD,CAND_833F77C8012019B6,True,UNSCORED,NO_BLIND_PAIR_SCORE,,0,0,0.175,0.9974147648108072,0.4860960457043621,False,-5.264822245536362,0.19138162709469062,0,nan,nan,TWIST_5_2,twist,-1.0,-1.0,total_beta,general,1.0,3,1.0,unscored,nan,pressure_only,NOT_RUN,NOT_RUN,nan,nan,-0.10595298051825097,-5.264822245536362,0.19138162709469062,0.4860960457043621,0.3242247529853992,0.4301777335036502,0.7,0.9997232193545942,0.884202472323672,False,0.175,0.9974147648108072,0.4860960457043621,False,0.9985044780267422,0.9783550420070362,0.02014943601970609,0,nan,nan,nan,nan,nan,nan,nan,nan,nan,nan,nan,nan,,,nan
PAIR_A0C1569D6F18,CAND_B9CD37204C9E580F,CAND_876FCC9187B04AC2,True,UNSCORED,NO_BLIND_PAIR_SCORE,,0,0,0.2,0.9975666122990062,-1.029335311300226,False,12.143038566370635,0.29897161988466986,0,nan,nan,TWIST_7_2,twist,1.5,1.5,total_beta,general,1.0,3,1.0,unscored,nan,pressure_only,NOT_RUN,NOT_RUN,nan,nan,-0.22860679529106642,-12.143038566370635,0.29897161988466986,1.029335311300226,0.22658370275211104,0.45519049804317746,0.6,0.9994711962035138,1.4271526559407388,False,0.2,0.9975666122990062,-1.029335311300226,False,0.9972494194678987,0.9743038645551939,0.02294555491270478,0,nan,nan,nan,nan,nan,nan,nan,nan,nan,nan,nan,nan,,,nan
PAIR_D642B37924A8,CAND_8CF4646ABE4362DA,CAND_833F77C8012019B6,True,UNSCORED,NO_BLIND_PAIR_SCORE,,0,0,0.15,0.9973299633781623,1.2026678777377193,False,-11.697078504197952,0.3134500865360654,0,nan,nan,TWIST_5_2,twist,-1.5,-1.5,total_beta,general,1.0,3,1.0,unscored,nan,pressure_only,NOT_RUN,NOT_RUN,nan,nan,-0.1988700187025758,-11.697078504197952,0.3134500865360654,1.2026678777377193,0.23130771480107437,0.4301777335036502,0.525,0.999281230258117,1.2328017085020953,False,0.15,0.9973299633781623,1.2026678777377193,False,0.9963241041176365,0.9717234883733373,0.02460061574429917,0,nan,nan,nan,nan,nan,nan,nan,nan,nan,nan,nan,nan,,,nan
PAIR_82C9E9317353,CAND_833F77C8012019B6,CAND_9FA425E8ED6FB8C2,True,UNSCORED,NO_BLIND_PAIR_SCORE,,0,0,0.125,0.9969562032999753,-1.3002581716142771,False,11.101992311162553,0.29854265725470097,0,nan,nan,TWIST_5_2,twist,1.5,1.5,total_beta,general,1.0,3,1.0,unscored,nan,pressure_only,NOT_RUN,NOT_RUN,nan,nan,-0.04077326884861665,-11.101992311162553,0.29854265725470097,1.3002581716142771,0.38940446465503353,0.4301777335036502,0.525,0.9992289680916674,1.1939620568978526,False,0.125,0.9969562032999753,-1.3002581716142771,False,0.9960847506259324,0.9710926849334536,0.024992065692478804,0,nan,nan,nan,nan,nan,nan,nan,nan,nan,nan,nan,nan,,,nan
PAIR_0B6E569B3315,CAND_C44F5E3CB9831430,CAND_A646C6B1E9AD2B01,True,UNSCORED,NO_BLIND_PAIR_SCORE,,0,0,0.375,0.9983024020700835,0.6671911631761794,False,-10.513559780189322,0.2561196054839006,0,nan,nan,TORUS_T2_3,torus,-1.5,-1.5,total_beta,general,1.0,3,1.0,unscored,nan,pressure_only,NOT_RUN,NOT_RUN,nan,nan,-0.14147396756112168,-10.513559780189322,0.2561196054839006,0.6671911631761794,0.2325958839914667,0.3740698515525884,0.7,0.9996255146493235,1.3147234504354979,False,0.375,0.9983024020700835,0.6671911631761794,False,0.9983808277652401,0.9781118807953962,0.020268946969843826,0,nan,nan,nan,nan,nan,nan,nan,nan,nan,nan,nan,nan,,,nan
PAIR_1C54332C81C0,CAND_2BEE42C9FE169BAF,CAND_4A403DA7D1412F79,True,UNSCORED,NO_BLIND_PAIR_SCORE,,0,0,0.42499999999999993,0.9984913850734167,-0.07566922117914343,False,1.2298436678534035,0.03836986438419847,0,nan,nan,TORUS_T2_5,torus,-0.5,-0.5,total_beta,general,1.0,3,1.0,unscored,nan,pressure_only,NOT_RUN,NOT_RUN,nan,nan,-0.0239804520510426,-1.2298436678534035,0.03836986438419847,0.07566922117914343,0.4197887589861492,0.4437692110371918,0.95,0.9999892829938664,1.0294036497220636,False,0.42499999999999993,0.9984913850734167,-0.07566922117914343,False,0.999948504200067,0.9862729410081317,0.013675563191935303,0,nan,nan,nan,nan,nan,nan,nan,nan,nan,nan,nan,nan,,,nan
PAIR_4D086092A8E6,CAND_C179BF35B3D4401E,CAND_A2C20509B7C05230,True,UNSCORED,NO_BLIND_PAIR_SCORE,,0,0,0.42499999999999993,0.9986061211943088,1.411790786365063,False,-22.654428157682784,0.39424556192481963,0,nan,nan,TWIST_4_1,twist,-2.0,-2.0,total_beta,general,1.0,3,1.0,unscored,nan,pressure_only,NOT_RUN,NOT_RUN,nan,nan,-0.07664748841647376,-22.654428157682784,0.39424556192481963,1.411790786365063,-0.02645233973263783,0.05019514868383593,0.5,0.9990530712175004,1.6468472735540272,False,0.42499999999999993,0.9986061211943088,1.411790786365063,False,0.9958491053231588,0.9706800509868398,0.025169054336318997,0,nan,nan,nan,nan,nan,nan,nan,nan,nan,nan,nan,nan,,,nan
PAIR_2F605460644D,CAND_8BF42F627F0BC613,CAND_A646C6B1E9AD2B01,True,UNSCORED,NO_BLIND_PAIR_SCORE,,0,0,0.22499999999999998,0.9971944137767443,0.018602948385181305,False,-0.23573309248170737,0.009281674651469545,0,nan,nan,TORUS_T2_3,torus,0.25,0.25,total_beta,general,1.0,3,1.0,unscored,nan,pressure_only,NOT_RUN,NOT_RUN,nan,nan,-0.00018585357888944998,-0.23573309248170737,0.009281674651469545,0.018602948385181305,0.3738839979736989,0.3740698515525884,0.9749999999999999,0.9999986534811796,0.8071609919782646,False,0.22499999999999998,0.9971944137767443,0.018602948385181305,False,0.9999917603697444,0.9871796889758476,0.012812071393896729,0,nan,nan,nan,nan,nan,nan,nan,nan,nan,nan,nan,nan,,,nan
PAIR_1B4F176F97AE,CAND_0B937FDDC610EA1B,CAND_26C640A7F47C26C1,True,UNSCORED,NO_BLIND_PAIR_SCORE,,0,0,0.4,0.9984225358563271,-1.2108813242974874,False,19.40756056770315,0.34888651819405997,0,nan,nan,TORUS_T2_9,torus,-2.0,-2.0,total_beta,general,1.0,3,1.0,unscored,nan,pressure_only,NOT_RUN,NOT_RUN,nan,nan,-0.24819537709381445,-19.40756056770315,0.34888651819405997,1.2108813242974874,0.08853253905323488,0.33672791614704933,0.6499999999999999,0.9994827321462797,1.9811649992558917,False,0.4,0.9984225358563271,-1.2108813242974874,False,0.9977924388776832,0.9761851952798813,0.021607243597801862,0,nan,nan,nan,nan,nan,nan,nan,nan,nan,nan,nan,nan,,,nan
PAIR_63D60E2A9A6C,CAND_E54F45B88D960129,CAND_33EC326F8813447D,True,UNSCORED,NO_BLIND_PAIR_SCORE,,0,0,0.475,0.9987550617388421,-0.020251640326828423,False,0.3338388964286487,0.007680208337372835,0,nan,nan,TRIPLE_GEAR_T3_3,triple_gear,-0.25,-0.25,total_beta,general,1.0,3,1.0,unscored,nan,pressure_only,NOT_RUN,NOT_RUN,nan,nan,-0.006042259604351341,-0.3338388964286487,0.007680208337372835,0.020251640326828423,0.40652159549506395,0.4125638550994153,0.9749999999999999,0.9999988075610377,1.0522286410918464,False,0.475,0.9987550617388421,-0.020251640326828423,False,0.9999935960189316,0.9872492383934154,0.012744357625516178,0,nan,nan,nan,nan,nan,nan,nan,nan,nan,nan,nan,nan,,,nan
PAIR_736B0AF6833C,CAND_A2D1BB0A72CFE789,CAND_0B937FDDC610EA1B,True,UNSCORED,NO_BLIND_PAIR_SCORE,,0,0,0.42499999999999993,0.9984907678074894,0.6845321813811301,False,-11.12829588557331,0.267574111175028,0,nan,nan,TORUS_T2_9,torus,-1.5,-1.5,total_beta,general,1.0,3,1.0,unscored,nan,pressure_only,NOT_RUN,NOT_RUN,nan,nan,-0.1454226734386843,-11.12829588557331,0.267574111175028,0.6845321813811301,0.19130524270836502,0.33672791614704933,0.725,0.9997143265903033,1.52230721374665,False,0.42499999999999993,0.9984907678074894,0.6845321813811301,False,0.9987465052248282,0.9794361652457989,0.019310339979029312,0,nan,nan,nan,nan,nan,nan,nan,nan,nan,nan,nan,nan,,,nan
PAIR_4EA77E40ACCF,CAND_833F77C8012019B6,CAND_414E1DA894A20D77,True,UNSCORED,NO_BLIND_PAIR_SCORE,,0,0,0.175,0.9974928620480739,-0.2773166367307645,False,2.9986554001789187,0.12377097373927004,0,nan,nan,TWIST_5_2,twist,-0.75,-0.75,total_beta,general,1.0,3,1.0,unscored,nan,pressure_only,NOT_RUN,NOT_RUN,nan,nan,-0.06947959840738827,-2.9986554001789187,0.12377097373927004,0.2773166367307645,0.3606981350962619,0.4301777335036502,0.7999999999999999,0.9998812121861482,0.7845351334667809,False,0.175,0.9974928620480739,-0.2773166367307645,False,0.99933333621242,0.9818053813411441,0.017527954871275897,0,nan,nan,nan,nan,nan,nan,nan,nan,nan,nan,nan,nan,,,nan
PAIR_3F4FA666A7F5,CAND_AF90657D6F976608,CAND_2BEE42C9FE169BAF,True,UNSCORED,NO_BLIND_PAIR_SCORE,,0,0,0.375,0.9982989860932019,0.6668112524337595,False,-10.508673734686967,0.22485322471215902,0,nan,nan,TORUS_T2_5,torus,-1.5,-1.5,total_beta,general,1.0,3,1.0,unscored,nan,pressure_only,NOT_RUN,NOT_RUN,nan,nan,-0.1534183023630018,-10.508673734686967,0.22485322471215902,0.6668112524337595,0.29035090867419,0.4437692110371918,0.725,0.9996984016200943,1.4734846763856826,False,0.375,0.9982989860932019,0.6668112524337595,False,0.9986812808474929,0.9791912400345045,0.01949004081298833,0,nan,nan,nan,nan,nan,nan,nan,nan,nan,nan,nan,nan,,,nan
PAIR_03BF3C969A64,CAND_B3FEF913BB8E6E12,CAND_9FED5E317A2B40D5,True,UNSCORED,NO_BLIND_PAIR_SCORE,,0,0,0.525,0.9990333558146338,-0.022979154144146353,False,0.3797111762422354,0.015976365761647203,0,nan,nan,TORUS_T2_7,torus,-0.25,-0.25,total_beta,general,1.0,3,1.0,unscored,nan,pressure_only,NOT_RUN,NOT_RUN,nan,nan,-0.010864206259375675,-0.3797111762422354,0.015976365761647203,0.022979154144146353,0.29989315018742346,0.31075735644679914,0.9749999999999999,0.9999987683352339,0.9279386054941442,False,0.525,0.9990333558146338,-0.022979154144146353,False,0.9999930596114018,0.987228561012898,0.012764498598503815,0,nan,nan,nan,nan,nan,nan,nan,nan,nan,nan,nan,nan,,,nan
PAIR_A01798059150,CAND_0A2B2388CE13AD72,CAND_0B937FDDC610EA1B,True,UNSCORED,NO_BLIND_PAIR_SCORE,,0,0,0.1,0.9876386587692442,0.01884192406783614,True,-0.14458583419015092,0.005778335155004702,0,nan,nan,TORUS_T2_9,torus,0.25,0.25,total_beta,general,1.0,3,1.0,unscored,nan,pressure_only,NOT_RUN,NOT_RUN,nan,nan,0.00048152760046937804,-0.14458583419015092,0.005778335155004702,0.01884192406783614,0.3372094437475187,0.33672791614704933,0.9749999999999999,0.9999987888320487,0.9786842703695178,False,0.1,0.9876386587692442,0.01884192406783614,True,0.999993710978389,0.9872545617667523,0.012739149211636658,0,nan,nan,nan,nan,nan,nan,nan,nan,nan,nan,nan,nan,,,nan
PAIR_F1337FA39486,CAND_14C080FAAF8237CE,CAND_2BEE42C9FE169BAF,True,UNSCORED,NO_BLIND_PAIR_SCORE,,0,0,0.22499999999999998,0.9972344534389777,0.018755045044267043,False,-0.2374710074641353,0.007669447123691796,0,nan,nan,TORUS_T2_5,torus,0.25,0.25,total_beta,general,1.0,3,1.0,unscored,nan,pressure_only,NOT_RUN,NOT_RUN,nan,nan,0.0018056077492870637,-0.2374710074641353,0.007669447123691796,0.018755045044267043,0.44557481878647887,0.4437692110371918,0.9749999999999999,0.9999987875286568,0.9772493184817802,False,0.22499999999999998,0.9972344534389777,0.018755045044267043,False,0.9999938007172366,0.9872583033527428,0.012735497364493864,0,nan,nan,nan,nan,nan,nan,nan,nan,nan,nan,nan,nan,,,nan
PAIR_2A84152D113C,CAND_A2C20509B7C05230,CAND_261EB29869ED3FBA,True,UNSCORED,NO_BLIND_PAIR_SCORE,,0,0,0.42499999999999993,0.9986179290099461,-0.797119117124109,False,12.787202183202005,0.31886404228282766,0,nan,nan,TWIST_4_1,twist,-1.5,-1.5,total_beta,general,1.0,3,1.0,unscored,nan,pressure_only,NOT_RUN,NOT_RUN,nan,nan,-0.02668764602055959,-12.787202183202005,0.31886404228282766,0.797119117124109,0.023507502663276336,0.05019514868383593,0.575,0.9992715707132362,1.0429280790534494,False,0.42499999999999993,0.9986179290099461,-0.797119117124109,False,0.9967569463077931,0.9730743456720815,0.023682600635711593,0,nan,nan,nan,nan,nan,nan,nan,nan,nan,nan,nan,nan,,,nan
PAIR_69871D924F9C,CAND_B5B8BA79598EB980,CAND_A646C6B1E9AD2B01,True,UNSCORED,NO_BLIND_PAIR_SCORE,,0,0,0.32499999999999996,0.9979282820567607,0.1599874660034398,False,-2.4111933253136364,0.0836124185160701,0,nan,nan,TORUS_T2_3,torus,0.75,0.75,total_beta,general,1.0,3,1.0,unscored,nan,pressure_only,NOT_RUN,NOT_RUN,nan,nan,-0.02092743059873503,-2.4111933253136364,0.0836124185160701,0.1599874660034398,0.35314242095385334,0.3740698515525884,0.8749999999999999,0.9999413814422728,0.8966178490024888,False,0.32499999999999996,0.9979282820567607,0.1599874660034398,False,0.9997266250290132,0.9841769969113949,0.015549628117618286,0,nan,nan,nan,nan,nan,nan,nan,nan,nan,nan,nan,nan,,,nan
PAIR_F43BD133BCDC,CAND_A646C6B1E9AD2B01,CAND_37FE1567EEE471E1,True,UNSCORED,NO_BLIND_PAIR_SCORE,,0,0,0.35,0.9979977957448333,-0.2807767670298613,False,4.350920465663851,0.13601517146304068,0,nan,nan,TORUS_T2_3,torus,1.0,1.0,total_beta,general,1.0,3,1.0,unscored,nan,pressure_only,NOT_RUN,NOT_RUN,nan,nan,-0.041483154039690884,-4.350920465663851,0.13601517146304068,0.2807767670298613,0.3325866975128975,0.3740698515525884,0.7999999999999999,0.9998580444102305,0.9811196056335011,False,0.35,0.9979977957448333,-0.2807767670298613,False,0.9993594010239814,0.9820577575935037,0.017301643430477687,0,nan,nan,nan,nan,nan,nan,nan,nan,nan,nan,nan,nan,,,nan
PAIR_348513C126C1,CAND_0B937FDDC610EA1B,CAND_4A6DA1F05651077A,True,UNSCORED,NO_BLIND_PAIR_SCORE,,0,0,0.3,0.9977784321854059,-0.646472641476006,False,9.435951355651044,0.2314121847994046,0,nan,nan,TORUS_T2_9,torus,1.5,1.5,total_beta,general,1.0,3,1.0,unscored,nan,pressure_only,NOT_RUN,NOT_RUN,nan,nan,-0.09892048285137722,-9.435951355651044,0.2314121847994046,0.646472641476006,0.2378074332956721,0.33672791614704933,0.7,0.9996649407548965,1.3954342600326297,False,0.3,0.9977784321854059,-0.646472641476006,False,0.998539417483316,0.9786685925296679,0.019870824953648114,0,nan,nan,nan,nan,nan,nan,nan,nan,nan,nan,nan,nan,,,nan
PAIR_A8A58544A628,CAND_3B1CA1BC798BA971,CAND_833F77C8012019B6,True,UNSCORED,NO_BLIND_PAIR_SCORE,,0,0,0.25,0.9980135913880736,0.027440469228779702,False,-0.36624427741073795,0.017888090414384272,0,nan,nan,TWIST_5_2,twist,-0.25,-0.25,total_beta,general,1.0,3,1.0,unscored,nan,pressure_only,NOT_RUN,NOT_RUN,nan,nan,-0.016503108148262502,-0.36624427741073795,0.017888090414384272,0.027440469228779702,0.4136746253553877,0.4301777335036502,0.9749999999999999,0.9999964021343056,0.6958426947136418,False,0.25,0.9980135913880736,0.027440469228779702,False,0.9999824564859868,0.986889779264108,0.01309267722187879,0,nan,nan,nan,nan,nan,nan,nan,nan,nan,nan,nan,nan,,,nan
PAIR_216459ACE751,CAND_A2C20509B7C05230,CAND_1C5A41BD99A449B7,True,UNSCORED,NO_BLIND_PAIR_SCORE,,0,0,0.42499999999999993,0.9986407676670029,-0.35693009631627953,False,5.722388832094617,0.20627112302535952,0,nan,nan,TWIST_4_1,twist,-1.0,-1.0,total_beta,general,1.0,3,1.0,unscored,nan,pressure_only,NOT_RUN,NOT_RUN,nan,nan,0.0027402161808238457,-5.722388832094617,0.20627112302535952,0.35693009631627953,0.05293536486465977,0.05019514868383593,0.6749999999999999,0.9996001366817293,0.6287148940932307,False,0.42499999999999993,0.9986407676670029,-0.35693009631627953,False,0.9981593519914556,0.9772798667940337,0.020879485197421888,0,nan,nan,nan,nan,nan,nan,nan,nan,nan,nan,nan,nan,,,nan
PAIR_4B0FBB8084AC,CAND_E54F45B88D960129,CAND_AA5ED753609E4686,True,UNSCORED,NO_BLIND_PAIR_SCORE,,0,0,0.375,0.9982815259780315,-1.1760554923816848,False,18.541800673883472,0.25979358345638126,0,nan,nan,TRIPLE_GEAR_T3_3,triple_gear,-2.0,-2.0,total_beta,general,1.0,3,1.0,unscored,nan,pressure_only,NOT_RUN,NOT_RUN,nan,nan,-0.2384828483890986,-18.541800673883472,0.25979358345638126,1.1760554923816848,0.17408100671031668,0.4125638550994153,0.6499999999999999,0.9994878187596294,1.9751011989539116,False,0.375,0.9982815259780315,-1.1760554923816848,False,0.997814656570195,0.9762560321813798,0.021558624388815173,0,nan,nan,nan,nan,nan,nan,nan,nan,nan,nan,nan,nan,,,nan
PAIR_05138592DC28,CAND_766764CD23FAE6B7,CAND_B3FEF913BB8E6E12,True,UNSCORED,NO_BLIND_PAIR_SCORE,,0,0,0.32499999999999996,0.9979311931122959,0.6511965336163495,False,-9.815389494839128,0.24584163301116405,0,nan,nan,TORUS_T2_7,torus,1.5,1.5,total_beta,general,1.0,3,1.0,unscored,nan,pressure_only,NOT_RUN,NOT_RUN,nan,nan,-0.07726294039057024,-9.815389494839128,0.24584163301116405,0.6511965336163495,0.2334944160562289,0.31075735644679914,0.7,0.9996408388953107,1.3608101177505276,False,0.32499999999999996,0.9979311931122959,0.6511965336163495,False,0.9984341147406434,0.9782927099534492,0.020141404787194173,0,nan,nan,nan,nan,nan,nan,nan,nan,nan,nan,nan,nan,,,nan
PAIR_7ABB372A4006,CAND_ABD62F160F5EE127,CAND_B3FEF913BB8E6E12,True,UNSCORED,NO_BLIND_PAIR_SCORE,,0,0,0.4,0.9983374955165867,1.1927532665527343,False,-19.162564812994642,0.3518723317266992,0,nan,nan,TORUS_T2_7,torus,-2.0,-2.0,total_beta,general,1.0,3,1.0,unscored,nan,pressure_only,NOT_RUN,NOT_RUN,nan,nan,-0.2768445540041031,-19.162564812994642,0.3518723317266992,1.1927532665527343,0.03391280244269601,0.31075735644679914,0.6249999999999999,0.9994290390773375,1.895784899113718,False,0.4,0.9983374955165867,1.1927532665527343,False,0.9975670937467807,0.9754947149395748,0.022072378807205806,0,nan,nan,nan,nan,nan,nan,nan,nan,nan,nan,nan,nan,,,nan
PAIR_4D076CA6032E,CAND_B3FEF913BB8E6E12,CAND_93E37ABF39EE62E5,True,UNSCORED,NO_BLIND_PAIR_SCORE,,0,0,0.42499999999999993,0.9984755654607924,-0.30581831020097916,False,4.9741751484811125,0.16316385457964977,0,nan,nan,TORUS_T2_7,torus,-1.0,-1.0,total_beta,general,1.0,3,1.0,unscored,nan,pressure_only,NOT_RUN,NOT_RUN,nan,nan,-0.08415630445088029,-4.9741751484811125,0.16316385457964977,0.30581831020097916,0.22660105199591885,0.31075735644679914,0.825,0.9998880233192309,1.1372092103348026,False,0.42499999999999993,0.9984755654607924,-0.30581831020097916,False,0.9994889745253817,0.9827264682549484,0.016762506270433297,0,nan,nan,nan,nan,nan,nan,nan,nan,nan,nan,nan,nan,,,nan
PAIR_0A0DA4BC6F43,CAND_B9CD37204C9E580F,CAND_3F308A4BCEB13CD9,True,UNSCORED,NO_BLIND_PAIR_SCORE,,0,0,0.1,0.9958059987235239,-0.3409614553445769,True,2.478132272574875,0.1059448048423791,0,nan,nan,TWIST_7_2,twist,-0.75,-0.75,total_beta,general,1.0,3,1.0,unscored,nan,pressure_only,NOT_RUN,NOT_RUN,nan,nan,0.024437164813836176,-2.478132272574875,0.1059448048423791,0.3409614553445769,0.47962766285701364,0.45519049804317746,0.825,0.9999155242453563,0.937843173123083,False,0.1,0.9958059987235239,-0.3409614553445769,True,0.9995178201660416,0.982779859259173,0.016737960906868632,0,nan,nan,nan,nan,nan,nan,nan,nan,nan,nan,nan,nan,,,nan
PAIR_326283C41EBA,CAND_7EC019C0A856CD63,CAND_2BEE42C9FE169BAF,True,UNSCORED,NO_BLIND_PAIR_SCORE,,0,0,0.4,0.9983513669598957,0.29477313970172175,False,-4.732734912749075,0.1269979352187355,0,nan,nan,TORUS_T2_5,torus,-1.0,-1.0,total_beta,general,1.0,3,1.0,unscored,nan,pressure_only,NOT_RUN,NOT_RUN,nan,nan,-0.07511988617204246,-4.732734912749075,0.1269979352187355,0.29477313970172175,0.36864932486514934,0.4437692110371918,0.825,0.9998977272284932,1.1755187088800974,False,0.4,0.9983513669598957,0.29477313970172175,False,0.9995366716321046,0.9829915479347813,0.016545123697323305,0,nan,nan,nan,nan,nan,nan,nan,nan,nan,nan,nan,nan,,,nan
PAIR_9277E9DF9E93,CAND_A646C6B1E9AD2B01,CAND_EF8808415488BFDA,True,UNSCORED,NO_BLIND_PAIR_SCORE,,0,0,0.35,0.9980987493389647,-1.150790287172197,False,17.789809186626435,0.3244202370169861,0,nan,nan,TORUS_T2_3,torus,2.0,2.0,total_beta,general,1.0,3,1.0,unscored,nan,pressure_only,NOT_RUN,NOT_RUN,nan,nan,-0.19160561401039983,-17.789809186626435,0.3244202370169861,1.150790287172197,0.18246423754218855,0.3740698515525884,0.6,0.9993212276197131,1.7098527193004707,False,0.35,0.9980987493389647,-1.150790287172197,False,0.9971392883419594,0.9742466736964227,0.022892614645536713,0,nan,nan,nan,nan,nan,nan,nan,nan,nan,nan,nan,nan,,,nan
PAIR_2BBEC5F3EE95,CAND_7852BA43CA70CBF1,CAND_0B937FDDC610EA1B,True,UNSCORED,NO_BLIND_PAIR_SCORE,,0,0,0.275,0.9975222996755803,0.284746942792773,False,-4.005717876964665,0.12765201212196267,0,nan,nan,TORUS_T2_9,torus,1.0,1.0,total_beta,general,1.0,3,1.0,unscored,nan,pressure_only,NOT_RUN,NOT_RUN,nan,nan,-0.03879774897980015,-4.005717876964665,0.12765201212196267,0.284746942792773,0.2979301671672492,0.33672791614704933,0.825,0.9998893854998635,1.1317397020345543,False,0.275,0.9975222996755803,0.284746942792773,False,0.9994946403275681,0.9827568076977669,0.01673783262980122,0,nan,nan,nan,nan,nan,nan,nan,nan,nan,nan,nan,nan,,,nan
PAIR_86CBB8F32C6E,CAND_2BEE42C9FE169BAF,CAND_10877205E2685839,True,UNSCORED,NO_BLIND_PAIR_SCORE,,0,0,0.35,0.9980701894050686,-0.6431098029422747,False,9.948754458693239,0.21081700619802365,0,nan,nan,TORUS_T2_5,torus,1.5,1.5,total_beta,general,1.0,3,1.0,unscored,nan,pressure_only,NOT_RUN,NOT_RUN,nan,nan,-0.09101253626662131,-9.948754458693239,0.21081700619802365,0.6431098029422747,0.3527566747705705,0.4437692110371918,0.725,0.999681150690428,1.4356789283895555,False,0.35,0.9980701894050686,-0.6431098029422747,False,0.9986123639869289,0.9789345217710046,0.01967784221592428,0,nan,nan,nan,nan,nan,nan,nan,nan,nan,nan,nan,nan,,,nan
PAIR_8DEC9F2C8084,CAND_E54F45B88D960129,CAND_2151DD2D1F53FFDD,True,UNSCORED,NO_BLIND_PAIR_SCORE,,0,0,0.35,0.9979897570719115,-0.27956347001079995,False,4.332890665161925,0.08673164884268945,0,nan,nan,TRIPLE_GEAR_T3_3,triple_gear,1.0,1.0,total_beta,general,1.0,3,1.0,unscored,nan,pressure_only,NOT_RUN,NOT_RUN,nan,nan,-0.04373980856626947,-4.332890665161925,0.08673164884268945,0.27956347001079995,0.3688240465331458,0.4125638550994153,0.825,0.9999021144520706,1.2085646723277608,False,0.35,0.9979897570719115,-0.27956347001079995,False,0.9995578557041652,0.9831094427878814,0.01644841291628385,0,nan,nan,nan,nan,nan,nan,nan,nan,nan,nan,nan,nan,,,nan
PAIR_181A31195149,CAND_A646C6B1E9AD2B01,CAND_6B773C372088A88B,True,UNSCORED,NO_BLIND_PAIR_SCORE,,0,0,0.42499999999999993,0.9984999945687169,-0.07585334272742353,False,1.2325278629050942,0.04670734767653591,0,nan,nan,TORUS_T2_3,torus,-0.5,-0.5,total_beta,general,1.0,3,1.0,unscored,nan,pressure_only,NOT_RUN,NOT_RUN,nan,nan,-0.01999816270428606,-1.2325278629050942,0.04670734767653591,0.07585334272742353,0.3540716888483023,0.3740698515525884,0.9249999999999999,0.9999847788741015,0.8479605044938004,False,0.42499999999999993,0.9984999945687169,-0.07585334272742353,False,0.9999288808901158,0.9860015973327065,0.013927283557409242,0,nan,nan,nan,nan,nan,nan,nan,nan,nan,nan,nan,nan,,,nan
PAIR_2E916159A62B,CAND_5722F3AB1F3BA276,CAND_E54F45B88D960129,True,UNSCORED,NO_BLIND_PAIR_SCORE,,0,0,0.4,0.9983088697549495,0.6536492265177262,False,-10.505402754886683,0.17992052516212642,0,nan,nan,TRIPLE_GEAR_T3_3,triple_gear,-1.5,-1.5,total_beta,general,1.0,3,1.0,unscored,nan,pressure_only,NOT_RUN,NOT_RUN,nan,nan,-0.13811682810162018,-10.505402754886683,0.17992052516212642,0.6536492265177262,0.2744470269977951,0.4125638550994153,0.725,0.9997212139530868,1.531922284017993,False,0.4,0.9983088697549495,0.6536492265177262,False,0.9987786403392042,0.9795600818032525,0.01921855853595167,0,nan,nan,nan,nan,nan,nan,nan,nan,nan,nan,nan,nan,,,nan
PAIR_D713D86309E6,CAND_A2C20509B7C05230,CAND_EB14DB5A5B8C5A30,True,UNSCORED,NO_BLIND_PAIR_SCORE,,0,0,0.4,0.9984974615352822,-0.3465298772027849,False,5.487261661398944,0.20244261566777486,0,nan,nan,TWIST_4_1,twist,1.0,1.0,total_beta,general,1.0,3,1.0,unscored,nan,pressure_only,NOT_RUN,NOT_RUN,nan,nan,-0.08486813695894505,-5.487261661398944,0.20244261566777486,0.3465298772027849,-0.03467298827510912,0.05019514868383593,0.6499999999999999,0.9995765421051276,0.6091022696556255,False,0.4,0.9984974615352822,-0.3465298772027849,False,0.9980606080743503,0.9769538603088429,0.02110674776550736,0,nan,nan,nan,nan,nan,nan,nan,nan,nan,nan,nan,nan,,,nan
PAIR_1C4D76E11D2A,CAND_B3FEF913BB8E6E12,CAND_2C58D9372A096227,True,UNSCORED,NO_BLIND_PAIR_SCORE,,0,0,0.44999999999999996,0.9987061619115127,-0.08161079285916777,False,1.3353107597365028,0.05335042255289151,0,nan,nan,TORUS_T2_7,torus,-0.5,-0.5,total_beta,general,1.0,3,1.0,unscored,nan,pressure_only,NOT_RUN,NOT_RUN,nan,nan,-0.02851165908764708,-1.3353107597365028,0.05335042255289151,0.08161079285916777,0.28224569735915206,0.31075735644679914,0.95,0.9999870307756084,0.9780246122613814,False,0.44999999999999996,0.9987061619115127,-0.08161079285916777,False,0.9999414882116112,0.9861704318862705,0.013771056325340703,0,nan,nan,nan,nan,nan,nan,nan,nan,nan,nan,nan,nan,,,nan
PAIR_D6A265BF1558,CAND_2BEE42C9FE169BAF,CAND_D530BD00AA4CC46B,True,UNSCORED,NO_BLIND_PAIR_SCORE,,0,0,0.35,0.9981012025751297,-1.1522296092117084,False,17.81110109900881,0.29116313943176186,0,nan,nan,TORUS_T2_5,torus,2.0,2.0,total_beta,general,1.0,3,1.0,unscored,nan,pressure_only,NOT_RUN,NOT_RUN,nan,nan,-0.17566801249541042,-17.81110109900881,0.29116313943176186,1.1522296092117084,0.2681011985417814,0.4437692110371918,0.6249999999999999,0.9994257656484207,1.860076647398847,False,0.35,0.9981012025751297,-1.1522296092117084,False,0.997557412396555,0.9754675027642572,0.022089909632297844,0,nan,nan,nan,nan,nan,nan,nan,nan,nan,nan,nan,nan,,,nan
PAIR_04CC2531F1F1,CAND_A2C20509B7C05230,CAND_2C97736D31DD5370,True,UNSCORED,NO_BLIND_PAIR_SCORE,,0,0,0.42499999999999993,0.9986626019489647,-0.2022665790747872,False,3.24088689030594,0.13832301315849485,0,nan,nan,TWIST_4_1,twist,-0.75,-0.75,total_beta,general,1.0,3,1.0,unscored,nan,pressure_only,NOT_RUN,NOT_RUN,nan,nan,0.009754654708566818,-3.24088689030594,0.13832301315849485,0.2022665790747872,0.059949803392402745,0.05019514868383593,0.7499999999999999,0.9997838630571909,0.4901493405263425,False,0.42499999999999993,0.9986626019489647,-0.2022665790747872,False,0.998974679870818,0.9802768426461937,0.01869783722462426,0,nan,nan,nan,nan,nan,nan,nan,nan,nan,nan,nan,nan,,,nan
PAIR_11E1101989B9,CAND_833F77C8012019B6,CAND_337B01B13364BB20,True,UNSCORED,NO_BLIND_PAIR_SCORE,,0,0,0.1,0.9967390989479609,-0.3765942986719767,True,2.701112303661212,0.11324530318995507,0,nan,nan,TWIST_5_2,twist,0.75,0.75,total_beta,general,1.0,3,1.0,unscored,nan,pressure_only,NOT_RUN,NOT_RUN,nan,nan,0.00956877651959076,-2.701112303661212,0.11324530318995507,0.3765942986719767,0.43974651002324094,0.4301777335036502,0.7999999999999999,0.9998733876032615,0.7637826584792426,False,0.1,0.9967390989479609,-0.3765942986719767,True,0.9992978565993502,0.9816317685886012,0.01766608801074898,0,nan,nan,nan,nan,nan,nan,nan,nan,nan,nan,nan,nan,,,nan
PAIR_505A3853F387,CAND_2BEE42C9FE169BAF,CAND_41B68D4834D38A71,True,UNSCORED,NO_BLIND_PAIR_SCORE,,0,0,0.35,0.9980038761047177,-0.2813649326505113,False,4.359455395419902,0.11591293968211977,0,nan,nan,TORUS_T2_5,torus,1.0,1.0,total_beta,general,1.0,3,1.0,unscored,nan,pressure_only,NOT_RUN,NOT_RUN,nan,nan,-0.03351604210778969,-4.359455395419902,0.11591293968211977,0.2813649326505113,0.4102531689294021,0.4437692110371918,0.825,0.9998938652931707,1.1490922870523836,False,0.35,0.9980038761047177,-0.2813649326505113,False,0.9995158502590444,0.9828737677826863,0.016642082476358122,0,nan,nan,nan,nan,nan,nan,nan,nan,nan,nan,nan,nan,,,nan
PAIR_635AA24DBC9F,CAND_A646C6B1E9AD2B01,CAND_9615E2C9F97705CD,True,UNSCORED,NO_BLIND_PAIR_SCORE,,0,0,0.4,0.9984066597944711,-0.16846869213893925,False,2.7007888182918904,0.09488292662736313,0,nan,nan,TORUS_T2_3,torus,-0.75,-0.75,total_beta,general,1.0,3,1.0,unscored,nan,pressure_only,NOT_RUN,NOT_RUN,nan,nan,-0.04018217898746218,-2.7007888182918904,0.09488292662736313,0.16846869213893925,0.3338876725651262,0.3740698515525884,0.8749999999999999,0.9999439527250573,0.9177210304710652,False,0.4,0.9984066597944711,-0.16846869213893925,False,0.999738308073382,0.984261573520464,0.015476734552918092,0,nan,nan,nan,nan,nan,nan,nan,nan,nan,nan,nan,nan,,,nan
PAIR_400B9C02C4AD,CAND_E54F45B88D960129,CAND_B89DC2E6FD680434,True,UNSCORED,NO_BLIND_PAIR_SCORE,,0,0,0.4,0.998416821700203,-0.1686053754256275,False,2.701990564548911,0.05787946197807383,0,nan,nan,TRIPLE_GEAR_T3_3,triple_gear,-0.75,-0.75,total_beta,general,1.0,3,1.0,unscored,nan,pressure_only,NOT_RUN,NOT_RUN,nan,nan,-0.03849943290815605,-2.701990564548911,0.05787946197807383,0.1686053754256275,0.37406442219125924,0.4125638550994153,0.8999999999999999,0.9999628616763264,1.1579142687153614,False,0.4,0.998416821700203,-0.1686053754256275,False,0.9998239412007756,0.9849277713846291,0.014896169816146498,0,nan,nan,nan,nan,nan,nan,nan,nan,nan,nan,nan,nan,,,nan
PAIR_F3AE7BDCFE0E,CAND_0B937FDDC610EA1B,CAND_E6CC9DE2D3B9C532,True,UNSCORED,NO_BLIND_PAIR_SCORE,,0,0,0.44999999999999996,0.9986144559904073,-0.3129454053570729,False,5.133947563579495,0.16144258045062548,0,nan,nan,TORUS_T2_9,torus,-1.0,-1.0,total_beta,general,1.0,3,1.0,unscored,nan,pressure_only,NOT_RUN,NOT_RUN,nan,nan,-0.06979920937133821,-5.133947563579495,0.16144258045062548,0.3129454053570729,0.2669287067757111,0.33672791614704933,0.825,0.9999015604719699,1.2115453853992022,False,0.44999999999999996,0.9986144559904073,-0.3129454053570729,False,0.9995570822787069,0.9831070717144176,0.016450010564289297,0,nan,nan,nan,nan,nan,nan,nan,nan,nan,nan,nan,nan,,,nan
PAIR_BEBA6E101D05,CAND_994108B98381411F,CAND_B3FEF913BB8E6E12,True,UNSCORED,NO_BLIND_PAIR_SCORE,,0,0,0.25,0.9972506607081651,0.07199500101461263,False,-0.9682428692716041,0.03865529946035377,0,nan,nan,TORUS_T2_7,torus,0.5,0.5,total_beta,general,1.0,3,1.0,unscored,nan,pressure_only,NOT_RUN,NOT_RUN,nan,nan,0.001378672812062498,-0.9682428692716041,0.03865529946035377,0.07199500101461263,0.31213602925886164,0.31075735644679914,0.95,0.9999859564184619,0.9499300951561028,False,0.25,0.9972506607081651,0.07199500101461263,False,0.9999383186698714,0.9861253494958062,0.01381296917406516,0,nan,nan,nan,nan,nan,nan,nan,nan,nan,nan,nan,nan,,,nan
PAIR_854D6FCF9B21,CAND_954D4582ED636F7F,CAND_2BEE42C9FE169BAF,True,UNSCORED,NO_BLIND_PAIR_SCORE,,0,0,0.3,0.9977880655309262,0.07148321382689503,False,-1.0432039091888345,0.032337064072043134,0,nan,nan,TORUS_T2_5,torus,0.5,0.5,total_beta,general,1.0,3,1.0,unscored,nan,pressure_only,NOT_RUN,NOT_RUN,nan,nan,-0.0031785300189156596,-1.0432039091888345,0.032337064072043134,0.07148321382689503,0.44059068101827614,0.4437692110371918,0.95,0.999988927093268,1.0151080075864034,False,0.3,0.9977880655309262,0.07148321382689503,False,0.9999471892910532,0.9862525040414104,0.01369468524964279,0,nan,nan,nan,nan,nan,nan,nan,nan,nan,nan,nan,nan,,,nan
PAIR_35395555660B,CAND_833F77C8012019B6,CAND_A52970183193042D,True,UNSCORED,NO_BLIND_PAIR_SCORE,,0,0,0.1,0.9953552382216407,-0.03656293607843771,True,0.26706324523816605,0.01314529763264267,0,nan,nan,TWIST_5_2,twist,0.25,0.25,total_beta,general,1.0,3,1.0,unscored,nan,pressure_only,NOT_RUN,NOT_RUN,nan,nan,0.0098463501607301,-0.26706324523816605,0.01314529763264267,0.03656293607843771,0.4400240836643803,0.4301777335036502,0.9749999999999999,0.9999962750653701,0.6881215726332823,False,0.1,0.9953552382216407,-0.03656293607843771,True,0.9999821432431486,0.9868819782935477,0.013100164949600868,0,nan,nan,nan,nan,nan,nan,nan,nan,nan,nan,nan,nan,,,nan
PAIR_7E083E90EAE8,CAND_0B937FDDC610EA1B,CAND_B4CA1511F8058348,True,UNSCORED,NO_BLIND_PAIR_SCORE,,0,0,0.44999999999999996,0.9987242056483382,-0.18308226331143504,False,2.9936170376336104,0.10491817165435939,0,nan,nan,TORUS_T2_9,torus,-0.75,-0.75,total_beta,general,1.0,3,1.0,unscored,nan,pressure_only,NOT_RUN,NOT_RUN,nan,nan,-0.042168442183084576,-2.9936170376336104,0.10491817165435939,0.18308226331143504,0.29455947396396476,0.33672791614704933,0.8999999999999999,0.9999602679932329,1.123462241855599,False,0.44999999999999996,0.9987242056483382,-0.18308226331143504,False,0.9998141066718399,0.9848452021428898,0.014968904528950056,0,nan,nan,nan,nan,nan,nan,nan,nan,nan,nan,nan,nan,,,nan
PAIR_610FE1EFBB95,CAND_1E98C7D5A82A3308,CAND_E54F45B88D960129,True,UNSCORED,NO_BLIND_PAIR_SCORE,,0,0,0.3,0.9977541548933739,0.07071341753433695,False,-1.0327960824056657,0.023036982419276084,0,nan,nan,TRIPLE_GEAR_T3_3,triple_gear,0.5,0.5,total_beta,general,1.0,3,1.0,unscored,nan,pressure_only,NOT_RUN,NOT_RUN,nan,nan,-0.008288134886400012,-1.0327960824056657,0.023036982419276084,0.07071341753433695,0.4042757202130153,0.4125638550994153,0.95,0.9999900897703959,1.0806002970797173,False,0.3,0.9977541548933739,0.07071341753433695,False,0.999950785090936,0.9863051914246017,0.013645593666334332,0,nan,nan,nan,nan,nan,nan,nan,nan,nan,nan,nan,nan,,,nan
PAIR_64AEC4A44FDA,CAND_A646C6B1E9AD2B01,CAND_E3B52EA38A1C8759,True,UNSCORED,NO_BLIND_PAIR_SCORE,,0,0,0.375,0.998276329215835,-1.1771103216762135,False,18.562063834568466,0.3372663610728638,0,nan,nan,TORUS_T2_3,torus,-2.0,-2.0,total_beta,general,1.0,3,1.0,unscored,nan,pressure_only,NOT_RUN,NOT_RUN,nan,nan,-0.2429516097136713,-18.562063834568466,0.3372663610728638,1.1771103216762135,0.13111824183891707,0.3740698515525884,0.6,0.9993600508888868,1.7603182554389993,False,0.375,0.998276329215835,-1.1771103216762135,False,0.9972978550625498,0.9747040572884151,0.022593797774134616,0,nan,nan,nan,nan,nan,nan,nan,nan,nan,nan,nan,nan,,,nan
PAIR_1CCD7A3C15D2,CAND_ABF6696C05834A34,CAND_E54F45B88D960129,True,UNSCORED,NO_BLIND_PAIR_SCORE,,0,0,0.35,0.9980624079005161,0.6398704977647464,False,-9.900283748268803,0.16810009525978106,0,nan,nan,TRIPLE_GEAR_T3_3,triple_gear,1.5,1.5,total_beta,general,1.0,3,1.0,unscored,nan,pressure_only,NOT_RUN,NOT_RUN,nan,nan,-0.10635502103960937,-9.900283748268803,0.16810009525978106,0.6398704977647464,0.3062088340598059,0.4125638550994153,0.725,0.999706736276049,1.4910507373184718,False,0.35,0.9980624079005161,0.6398704977647464,False,0.9987121037712577,0.9793043677815998,0.019407735989657948,0,nan,nan,nan,nan,nan,nan,nan,nan,nan,nan,nan,nan,,,nan
PAIR_B9C8EDE65B37,CAND_B9CD37204C9E580F,CAND_F702D84230A6C51E,True,UNSCORED,NO_BLIND_PAIR_SCORE,,0,0,0.22499999999999998,0.9977404806838459,-0.43998580635309803,False,5.562128953651481,0.18867730184055775,0,nan,nan,TWIST_7_2,twist,1.0,1.0,total_beta,general,1.0,3,1.0,unscored,nan,pressure_only,NOT_RUN,NOT_RUN,nan,nan,-0.1257774982439116,-5.562128953651481,0.18867730184055775,0.43998580635309803,0.32941299979926586,0.45519049804317746,0.7499999999999999,0.9998145798425179,1.0947660161748949,False,0.22499999999999998,0.9977404806838459,-0.43998580635309803,False,0.9989786106444505,0.980197562279845,0.01878104836460548,0,nan,nan,nan,nan,nan,nan,nan,nan,nan,nan,nan,nan,,,nan
PAIR_6A1B809B2F4D,CAND_0B937FDDC610EA1B,CAND_A4D72742C192AAAC,True,UNSCORED,NO_BLIND_PAIR_SCORE,,0,0,0.5,0.9989088607565778,-0.08620979669773737,False,1.4245156017217298,0.05409914501498901,0,nan,nan,TORUS_T2_9,torus,-0.5,-0.5,total_beta,general,1.0,3,1.0,unscored,nan,pressure_only,NOT_RUN,NOT_RUN,nan,nan,-0.021324984891777143,-1.4245156017217298,0.05409914501498901,0.08620979669773737,0.3154029312552722,0.33672791614704933,0.95,0.9999896945245039,1.0527643876444748,False,0.5,0.9989088607565778,-0.08620979669773737,False,0.9999498432626015,0.9862929265989092,0.013656916663692287,0,nan,nan,nan,nan,nan,nan,nan,nan,nan,nan,nan,nan,,,nan
PAIR_949801C284CA,CAND_B3FEF913BB8E6E12,CAND_2029B830D6FEB480,True,UNSCORED,NO_BLIND_PAIR_SCORE,,0,0,0.42499999999999993,0.9985597579958365,-0.17666854292527745,False,2.866798750482788,0.10543041781336383,0,nan,nan,TORUS_T2_7,torus,-0.75,-0.75,total_beta,general,1.0,3,1.0,unscored,nan,pressure_only,NOT_RUN,NOT_RUN,nan,nan,-0.05294235848481599,-2.866798750482788,0.10543041781336383,0.17666854292527745,0.25781499796198315,0.31075735644679914,0.8749999999999999,0.9999529121427257,1.0319151537108853,False,0.42499999999999993,0.9985597579958365,-0.17666854292527745,False,0.9997835444838366,0.9845982248846007,0.015185319599235858,0,nan,nan,nan,nan,nan,nan,nan,nan,nan,nan,nan,nan,,,nan
PAIR_A83B214AD9A4,CAND_5FA244C461FE2753,CAND_E54F45B88D960129,True,UNSCORED,NO_BLIND_PAIR_SCORE,,0,0,0.22499999999999998,0.9971326304244403,0.018362232864158553,False,-0.23298572865899736,0.005342742117096618,0,nan,nan,TRIPLE_GEAR_T3_3,triple_gear,0.25,0.25,total_beta,general,1.0,3,1.0,unscored,nan,pressure_only,NOT_RUN,NOT_RUN,nan,nan,-0.0007486250940162975,-0.23298572865899736,0.005342742117096618,0.018362232864158553,0.411815230005399,0.4125638550994153,0.9749999999999999,0.9999988229032616,1.0443618307237374,False,0.22499999999999998,0.9971326304244403,0.018362232864158553,False,0.9999935217432925,0.9872456600593056,0.012747861683986894,0,nan,nan,nan,nan,nan,nan,nan,nan,nan,nan,nan,nan,,,nan
PAIR_2A60DABD1F91,CAND_EE69249A80F0C374,CAND_B9CD37204C9E580F,True,UNSCORED,NO_BLIND_PAIR_SCORE,,0,0,0.1,0.994545939553616,0.13833914008416437,True,-1.0187806590676853,0.04795061459290395,0,nan,nan,TWIST_7_2,twist,-0.5,-0.5,total_beta,general,1.0,3,1.0,unscored,nan,pressure_only,NOT_RUN,NOT_RUN,nan,nan,0.022948201196757334,-1.0187806590676853,0.04795061459290395,0.13833914008416437,0.4781386992399348,0.45519049804317746,0.8999999999999999,0.9999782528705712,0.8879920492989015,False,0.1,0.994545939553616,0.13833914008416437,True,0.9998766039233183,0.9853623231138418,0.014514280809476587,0,nan,nan,nan,nan,nan,nan,nan,nan,nan,nan,nan,nan,,,nan
PAIR_AB101F56F23A,CAND_833F77C8012019B6,CAND_90C9DDD4A6EAFF82,True,UNSCORED,NO_BLIND_PAIR_SCORE,,0,0,0.125,0.9970083652650209,-2.3292505714063845,False,19.869116596074626,0.3864399446404231,0,nan,nan,TWIST_5_2,twist,2.0,2.0,total_beta,general,1.0,3,1.0,unscored,nan,pressure_only,NOT_RUN,NOT_RUN,nan,nan,-0.10761842236508723,-19.869116596074626,0.3864399446404231,2.3292505714063845,0.32255931113856295,0.4301777335036502,0.4,0.9987548148935765,1.7802305080641885,False,0.125,0.9970083652650209,-2.3292505714063845,False,0.9938835785316814,0.9657486943565468,0.028134884175134656,0,nan,nan,nan,nan,nan,nan,nan,nan,nan,nan,nan,nan,,,nan
PAIR_7BACA767B67C,CAND_A2C20509B7C05230,CAND_8E570E6163095703,True,UNSCORED,NO_BLIND_PAIR_SCORE,,0,0,0.4,0.9985351202410548,-1.402304190582251,False,22.184173816291437,0.3868352714994921,0,nan,nan,TWIST_4_1,twist,2.0,2.0,total_beta,general,1.0,3,1.0,unscored,nan,pressure_only,NOT_RUN,NOT_RUN,nan,nan,-0.2518641946960115,-22.184173816291437,0.3868352714994921,1.402304190582251,-0.2016690460121756,0.05019514868383593,0.5,0.9990143083199855,1.6158847253528332,False,0.4,0.9985351202410548,-1.402304190582251,False,0.9956846460936326,0.970264837529932,0.02541980856370063,0,nan,nan,nan,nan,nan,nan,nan,nan,nan,nan,nan,nan,,,nan
PAIR_AD0B36D2F3A2,CAND_EC9D2320DD023013,CAND_A2C20509B7C05230,True,UNSCORED,NO_BLIND_PAIR_SCORE,,0,0,0.44999999999999996,0.9988196783603935,0.023502594607072734,False,-0.37969247425863184,0.02066483766472723,0,nan,nan,TWIST_4_1,twist,-0.25,-0.25,total_beta,general,1.0,3,1.0,unscored,nan,pressure_only,NOT_RUN,NOT_RUN,nan,nan,0.00838454661815477,-0.37969247425863184,0.02066483766472723,0.023502594607072734,0.0585796953019907,0.05019514868383593,0.95,0.9999929423407534,0.3484172080876064,False,0.44999999999999996,0.9988196783603935,0.023502594607072734,False,0.9999601829301267,0.9864463682161327,0.013513814713993932,0,nan,nan,nan,nan,nan,nan,nan,nan,nan,nan,nan,nan,,,nan
PAIR_C271235222E2,CAND_B9CD37204C9E580F,CAND_B42DBC57294BC88A,True,UNSCORED,NO_BLIND_PAIR_SCORE,,0,0,0.275,0.9981624990156251,-0.10829445412274458,False,1.5144494315279324,0.06718510939810032,0,nan,nan,TWIST_7_2,twist,0.5,0.5,total_beta,general,1.0,3,1.0,unscored,nan,pressure_only,NOT_RUN,NOT_RUN,nan,nan,-0.04957523314688972,-1.5144494315279324,0.06718510939810032,0.10829445412274458,0.40561526489628774,0.45519049804317746,0.9249999999999999,0.9999794984698603,0.9400285519058976,False,0.275,0.9981624990156251,-0.10829445412274458,False,0.9998852546654291,0.9854524705981388,0.014432784067290316,0,nan,nan,nan,nan,nan,nan,nan,nan,nan,nan,nan,nan,,,nan
PAIR_57986E7FB295,CAND_3178612B0F163118,CAND_B9CD37204C9E580F,True,UNSCORED,NO_BLIND_PAIR_SCORE,,0,0,0.1,0.9967708037064765,2.6886004838299606,True,-19.2745031798444,0.39462295524682955,0,nan,nan,TWIST_7_2,twist,-2.0,-2.0,total_beta,general,1.0,3,1.0,unscored,nan,pressure_only,NOT_RUN,NOT_RUN,nan,nan,-0.06796938691376653,-19.2745031798444,0.39462295524682955,2.6886004838299606,0.38722111112941093,0.45519049804317746,0.42499999999999993,0.9989324978220782,1.8831156056390834,False,0.1,0.9967708037064765,2.6886004838299606,True,0.9947019653014417,0.9676537399391043,0.02704822536233742,0,nan,nan,nan,nan,nan,nan,nan,nan,nan,nan,nan,nan,,,nan
PAIR_B474B3B02756,CAND_2BEE42C9FE169BAF,CAND_E0ADA4E8BB1C77AA,True,UNSCORED,NO_BLIND_PAIR_SCORE,,0,0,0.32499999999999996,0.9979365197210973,-0.16041632567601727,False,2.4171987051741013,0.07020834084550731,0,nan,nan,TORUS_T2_5,torus,0.75,0.75,total_beta,general,1.0,3,1.0,unscored,nan,pressure_only,NOT_RUN,NOT_RUN,nan,nan,-0.014952413304607282,-2.4171987051741013,0.07020834084550731,0.16041632567601727,0.4288167977325845,0.4437692110371918,0.8999999999999999,0.9999563238354993,1.072690313998416,False,0.32499999999999996,0.9979365197210973,-0.16041632567601727,False,0.9997997853495973,0.9847269058381256,0.015072879511471737,0,nan,nan,nan,nan,nan,nan,nan,nan,nan,nan,nan,nan,,,nan
