cluster_id,dimension,members,classification,omega_hat,sigma_hat,dominant_m,ppw,wavelength_status,circularity_eigs,condition_number_median,condition_number_max,strict_true_degeneracy,core_eta_a_max,core_status,equilibrium_status
0,2,0;90,oscillatory,-1.174257465571405,7.435878312533011e-17,58,6.620689655172414,UNDERRESOLVED,-0.999981304274;-0.999981304274,87.58496908796626,174.16990994241363,True,0.32724558415750077,RESOLVED,relative_equilibrium_reference
1,2,1;91,oscillatory,1.174257465571405,7.435878312533011e-17,58,6.620689655172414,UNDERRESOLVED,0.999981304274;0.999981304274,87.58496908796626,174.16990994241363,True,0.32724558415750077,RESOLVED,relative_equilibrium_reference
2,2,2;92,oscillatory,-1.2016046998300047,-9.76062075614098e-17,59,6.508474576271187,UNDERRESOLVED,-0.999982166826;-0.999982166826,12.95118687477301,24.902347601480034,True,0.32724558415750077,RESOLVED,relative_equilibrium_reference
3,2,3;93,oscillatory,1.2016046998300047,-9.76062075614098e-17,59,6.508474576271187,UNDERRESOLVED,0.999982166826;0.999982166826,12.95118687477301,24.902347601480034,True,0.32724558415750077,RESOLVED,relative_equilibrium_reference
4,2,4;88,oscillatory,-1.088550897429253,-3.798728078065641e-16,55,6.9818181818181815,UNDERRESOLVED,-0.999978167332;-0.999978167332,1.0000494636401094,1.0000639963225333,True,0.32724558415750077,RESOLVED,relative_equilibrium_reference
5,2,5;89,oscillatory,1.088550897429253,-3.798728078065641e-16,55,6.9818181818181815,UNDERRESOLVED,0.999978167332;0.999978167332,1.0000494636401094,1.0000639963225333,True,0.32724558415750077,RESOLVED,relative_equilibrium_reference
6,2,6;104,oscillatory,-1.3047585314278947,4.616509817093661e-17,63,6.095238095238095,UNDERRESOLVED,-0.999984946678;-0.999984946678,10.080243771751569,19.15933285333397,True,0.32724558415750077,RESOLVED,relative_equilibrium_reference
7,2,7;105,oscillatory,1.3047585314278947,4.616509817093661e-17,63,6.095238095238095,UNDERRESOLVED,0.999984946678;0.999984946678,10.080243771751569,19.15933285333397,True,0.32724558415750077,RESOLVED,relative_equilibrium_reference
8,2,8;106,oscillatory,-1.328981341908333,2.110404487814125e-17,64,6.0,UNDERRESOLVED,-0.999985507349;-0.999985507349,1.0000522298152763,1.0000628453871268,True,0.32724558415750077,RESOLVED,relative_equilibrium_reference
9,2,9;107,oscillatory,1.328981341908333,2.110404487814125e-17,64,6.0,UNDERRESOLVED,0.999985507349;0.999985507349,1.0000522298152763,1.0000628453871268,True,0.32724558415750077,RESOLVED,relative_equilibrium_reference
10,2,10;102,oscillatory,-1.028450607168418,-1.846603926837471e-16,53,7.245283018867925,UNDERRESOLVED,-0.999975485074;-0.999975485074,1.9656343401399385,2.6842909970937323,True,0.32724558415750077,RESOLVED,relative_equilibrium_reference
11,2,11;103,oscillatory,1.028450607168418,-1.846603926837471e-16,53,7.245283018867925,UNDERRESOLVED,0.999975485074;0.999975485074,1.9656343401399385,2.6842909970937323,True,0.32724558415750077,RESOLVED,relative_equilibrium_reference
12,2,12;14,oscillatory,-1.146294585765653,2.2950648804979917e-16,57,6.7368421052631575,UNDERRESOLVED,-0.999980357716;-0.999980357716,1.0000625380517891,1.000076728095084,True,0.32724558415750077,RESOLVED,relative_equilibrium_reference
13,2,13;15,oscillatory,1.146294585765653,2.2950648804979917e-16,57,6.7368421052631575,UNDERRESOLVED,0.999980357716;0.999980357716,1.0000625380517891,1.000076728095084,True,0.32724558415750077,RESOLVED,relative_equilibrium_reference
14,2,16;18,oscillatory,-1.1177228569284314,2.6380056097678064e-17,56,6.857142857142857,UNDERRESOLVED,-0.999979316286;-0.999979316286,285.72026003711966,570.4404134335834,True,0.32724558415750077,RESOLVED,relative_equilibrium_reference
15,2,17;19,oscillatory,1.1177228569284314,2.6380056097678064e-17,56,6.857142857142857,UNDERRESOLVED,0.999979316286;0.999979316286,285.72026003711966,570.4404134335834,True,0.32724558415750077,RESOLVED,relative_equilibrium_reference
16,2,20;22,oscillatory,-1.2283311958900804,-1.5762083518362641e-16,60,6.4,UNDERRESOLVED,-0.999982954745;-0.999982954745,8.800420974282671,16.60080541534335,True,0.32724558415750077,RESOLVED,relative_equilibrium_reference
17,2,21;23,oscillatory,1.2283311958900804,-1.5762083518362641e-16,60,6.4,UNDERRESOLVED,0.999982954745;0.999982954745,8.800420974282671,16.60080541534335,True,0.32724558415750077,RESOLVED,relative_equilibrium_reference
18,2,24;26,oscillatory,-1.279909444879929,3.1656067317213673e-17,62,6.193548387096774,UNDERRESOLVED,-0.99998433807;-0.99998433807,3.829861941064282,6.635082110702041,True,0.32724558415750077,RESOLVED,relative_equilibrium_reference
19,2,25;27,oscillatory,1.279909444879929,3.1656067317213673e-17,62,6.193548387096774,UNDERRESOLVED,0.99998433807;0.99998433807,3.829861941064282,6.635082110702041,True,0.32724558415750077,RESOLVED,relative_equilibrium_reference
20,2,28;30,oscillatory,-1.0587892697875458,3.693207853674929e-17,54,7.111111111111111,UNDERRESOLVED,-0.999976896057;-0.999976896057,1.0011922511092783,1.0021454380499988,True,0.32724558415750077,RESOLVED,relative_equilibrium_reference
21,2,29;31,oscillatory,1.0587892697875458,3.693207853674929e-17,54,7.111111111111111,UNDERRESOLVED,0.999976896057;0.999976896057,1.0011922511092783,1.0021454380499988,True,0.32724558415750077,RESOLVED,relative_equilibrium_reference
22,2,32;34,oscillatory,-1.2544334513531292,-6.331213463442735e-17,61,6.295081967213115,UNDERRESOLVED,-0.999983676142;-0.999983676142,1.000023743884202,1.0000241411899955,True,0.32724558415750077,RESOLVED,relative_equilibrium_reference
23,2,33;35,oscillatory,1.2544334513531292,-6.331213463442735e-17,61,6.295081967213115,UNDERRESOLVED,0.999983676142;0.999983676142,1.000023743884202,1.0000241411899955,True,0.32724558415750077,RESOLVED,relative_equilibrium_reference
24,2,36;38,oscillatory,-0.9975497439299668,-3.046896479281816e-16,52,7.384615384615385,UNDERRESOLVED,-0.999973913855;-0.999973913855,3.5498012710470004,6.08741055517162,True,0.32724558415750077,RESOLVED,relative_equilibrium_reference
25,2,37;39,oscillatory,0.9975497439299668,-3.046896479281816e-16,52,7.384615384615385,UNDERRESOLVED,0.999973913855;0.999973913855,3.5498012710470004,6.08741055517162,True,0.32724558415750077,RESOLVED,relative_equilibrium_reference
26,2,40;50,oscillatory,-1.352579687232649,2.11040448781423e-17,65,5.907692307692308,UNDERRESOLVED,-0.99998602481;-0.99998602481,4.597796284259426,8.195507074892618,True,0.32724558415750077,RESOLVED,relative_equilibrium_reference
27,2,41;51,oscillatory,1.352579687232649,2.11040448781423e-17,65,5.907692307692308,UNDERRESOLVED,0.99998602481;0.99998602481,4.597796284259426,8.195507074892618,True,0.32724558415750077,RESOLVED,relative_equilibrium_reference
28,2,42;44,oscillatory,-0.9661038500275995,-4.22080897562849e-17,51,7.529411764705882,UNDERRESOLVED,-0.999972158033;-0.999972158033,2.842412840182197,4.66592730832304,True,0.32724558415750077,RESOLVED,relative_equilibrium_reference
29,2,43;45,oscillatory,0.9661038500275995,-4.22080897562849e-17,51,7.529411764705882,UNDERRESOLVED,0.999972158033;0.999972158033,2.842412840182197,4.66592730832304,True,0.32724558415750077,RESOLVED,relative_equilibrium_reference
30,2,46;48,oscillatory,-0.9341325690272878,1.2134825804931908e-16,50,7.68,UNDERRESOLVED,-0.999970188527;-0.999970188527,18.350262761584872,35.70015772759679,True,0.32724558415750077,RESOLVED,relative_equilibrium_reference
31,2,47;49,oscillatory,0.9341325690272878,1.2134825804931908e-16,50,7.68,UNDERRESOLVED,0.999970188527;0.999970188527,18.350262761584872,35.70015772759679,True,0.32724558415750077,RESOLVED,relative_equilibrium_reference
32,2,52;58,oscillatory,-1.3979155806529198,-2.58524549757245e-16,67,5.731343283582089,UNDERRESOLVED,-0.99998694626;-0.99998694626,1.0231619694718812,1.0455966909148389,True,0.32724558415750077,RESOLVED,relative_equilibrium_reference
33,2,53;59,oscillatory,1.3979155806529198,-2.58524549757245e-16,67,5.731343283582089,UNDERRESOLVED,0.99998694626;0.99998694626,1.0231619694718812,1.0455966909148389,True,0.32724558415750077,RESOLVED,relative_equilibrium_reference
34,2,54;56,oscillatory,-0.9016581594194568,8.44161795125698e-17,49,7.836734693877551,UNDERRESOLVED,-0.99996797042;-0.99996797042,9.526611470484628,18.05299701332954,True,0.32724558415750077,RESOLVED,relative_equilibrium_reference
35,2,55;57,oscillatory,0.9016581594194568,8.44161795125698e-17,49,7.836734693877551,UNDERRESOLVED,0.99996797042;0.99996797042,9.526611470484628,18.05299701332954,True,0.32724558415750077,RESOLVED,relative_equilibrium_reference
36,2,60;62,oscillatory,-0.8687056388557622,0.0,48,8.0,DIAGNOSTIC,-0.999965461528;-0.999965461528,1.307846412057699,1.4290560559310261,True,0.32724558415750077,RESOLVED,relative_equilibrium_reference
37,2,61;63,oscillatory,0.8687056388557622,0.0,48,8.0,DIAGNOSTIC,0.999965461528;0.999965461528,1.307846412057699,1.4290560559310261,True,0.32724558415750077,RESOLVED,relative_equilibrium_reference
38,2,64;66,oscillatory,-1.419661847354139,9.233019634187322e-18,68,5.647058823529412,UNDERRESOLVED,-0.999987357184;-0.999987357184,1.7194351592161925,2.3256560205912935,True,0.32724558415750077,RESOLVED,relative_equilibrium_reference
39,2,65;67,oscillatory,1.419661847354139,9.233019634187322e-18,68,5.647058823529412,UNDERRESOLVED,0.999987357184;0.999987357184,1.7194351592161925,2.3256560205912935,True,0.32724558415750077,RESOLVED,relative_equilibrium_reference
40,2,68;70,oscillatory,-1.3755564666985753,-4.22080897562849e-17,66,5.818181818181818,UNDERRESOLVED,-0.999986503221;-0.999986503221,2.2724352835598953,3.5319517301836685,True,0.32724558415750077,RESOLVED,relative_equilibrium_reference
41,2,69;71,oscillatory,1.3755564666985753,-4.22080897562849e-17,66,5.818181818181818,UNDERRESOLVED,0.999986503221;0.999986503221,2.2724352835598953,3.5319517301836685,True,0.32724558415750077,RESOLVED,relative_equilibrium_reference
42,2,72;74,oscillatory,-0.8353029308527721,-4.748410097582051e-17,47,8.170212765957446,DIAGNOSTIC,-0.999962610536;-0.999962610536,3.244670533868655,4.270776026098661,True,0.32724558415750077,RESOLVED,relative_equilibrium_reference
43,2,73;75,oscillatory,0.8353029308527721,-4.748410097582051e-17,47,8.170212765957446,DIAGNOSTIC,0.999962610536;0.999962610536,3.244670533868655,4.270776026098661,True,0.32724558415750077,RESOLVED,relative_equilibrium_reference
44,2,76;78,oscillatory,-0.8014810134167097,-7.386415707349858e-17,46,8.347826086956522,DIAGNOSTIC,-0.999959354575;-0.999959354575,1.4819910110779442,1.917074932564695,True,0.32724558415750077,RESOLVED,relative_equilibrium_reference
45,2,77;79,oscillatory,0.8014810134167097,-7.386415707349858e-17,46,8.347826086956522,DIAGNOSTIC,0.999959354575;0.999959354575,1.4819910110779442,1.917074932564695,True,0.32724558415750077,RESOLVED,relative_equilibrium_reference
46,2,80;82,oscillatory,-0.767274068940998,1.2728377067129665e-16,45,8.533333333333333,DIAGNOSTIC,-0.999955616014;-0.999955616014,1.7286273113448094,1.7406199864742686,True,0.32724558415750077,RESOLVED,relative_equilibrium_reference
47,2,81;83,oscillatory,0.767274068940998,1.2728377067129665e-16,45,8.533333333333333,DIAGNOSTIC,0.999955616014;0.999955616014,1.7286273113448094,1.7406199864742686,True,0.32724558415750077,RESOLVED,relative_equilibrium_reference
48,2,84;126,oscillatory,-0.7327196346112864,-1.755922484001711e-17,44,8.727272727272727,DIAGNOSTIC,-0.999951298184;-0.999951298184,1.0000588971841382,1.000069090180169,True,0.32724558415750077,RESOLVED,relative_equilibrium_reference
49,2,85;127,oscillatory,0.7327196346112864,-1.755922484001711e-17,44,8.727272727272727,DIAGNOSTIC,0.999951298184;0.999951298184,1.0000588971841382,1.000069090180169,True,0.32724558415750077,RESOLVED,relative_equilibrium_reference
50,2,86;110,oscillatory,-1.4812838836950204,1.1211523841513176e-16,71,5.408450704225352,UNDERRESOLVED,-0.999988424658;-0.999988424658,9.998256473871436,18.995916294414275,True,0.32724558415750077,RESOLVED,relative_equilibrium_reference
51,2,87;111,oscillatory,1.4812838836950204,1.1211523841513176e-16,71,5.408450704225352,UNDERRESOLVED,0.999988424658;0.999988424658,9.998256473871436,18.995916294414275,True,0.32724558415750077,RESOLVED,relative_equilibrium_reference
52,2,94;96,oscillatory,-1.4408009239477577,2.868831100622474e-17,69,5.565217391304348,UNDERRESOLVED,-0.999987738886;-0.999987738886,5.714021347041347,7.835322176456585,True,0.32724558415750077,RESOLVED,relative_equilibrium_reference
53,2,95;97,oscillatory,1.4408009239477577,2.868831100622474e-17,69,5.565217391304348,UNDERRESOLVED,0.999987738886;0.999987738886,5.714021347041347,7.835322176456585,True,0.32724558415750077,RESOLVED,relative_equilibrium_reference
54,2,98;100,oscillatory,-1.4613392314583733,-2.638005609767806e-16,70,5.485714285714286,UNDERRESOLVED,-0.999988093944;-0.999988093944,2.9711205326160015,4.917538146253508,True,0.32724558415750077,RESOLVED,relative_equilibrium_reference
55,2,99;101,oscillatory,1.4613392314583733,-2.638005609767806e-16,70,5.485714285714286,UNDERRESOLVED,0.999988093944;0.999988093944,2.9711205326160015,4.917538146253508,True,0.32724558415750077,RESOLVED,relative_equilibrium_reference
56,2,108;124,oscillatory,-1.5194237414499765,-5.407911500024003e-17,73,5.260273972602739,UNDERRESOLVED,-0.999989021079;-0.999989021079,1.002271523854486,1.00351515411208,True,0.32724558415750077,RESOLVED,relative_equilibrium_reference
57,2,109;125,oscillatory,1.5194237414499765,-5.407911500024003e-17,73,5.260273972602739,UNDERRESOLVED,0.999989021079;0.999989021079,1.002271523854486,1.00351515411208,True,0.32724558415750077,RESOLVED,relative_equilibrium_reference
58,2,112;116,oscillatory,-0.6627361177184865,-1.1079623561024787e-16,42,9.142857142857142,DIAGNOSTIC,-0.999940406148;-0.999940406148,34.523884209427045,68.04706515339774,True,0.32724558415750077,RESOLVED,relative_equilibrium_reference
59,2,113;117,oscillatory,0.6627361177184865,-1.1079623561024787e-16,42,9.142857142857142,DIAGNOSTIC,0.999940406148;0.999940406148,34.523884209427045,68.04706515339774,True,0.32724558415750077,RESOLVED,relative_equilibrium_reference
60,2,114;118,oscillatory,-0.6978587524177192,3.957008414651709e-18,43,8.930232558139535,DIAGNOSTIC,-0.999946279614;-0.999946279614,1.0003648662696099,1.0003883034841492,True,0.32724558415750077,RESOLVED,relative_equilibrium_reference
61,2,115;119,oscillatory,0.6978587524177192,3.957008414651709e-18,43,8.930232558139535,DIAGNOSTIC,0.999946279614;0.999946279614,1.0003648662696099,1.0003883034841492,True,0.32724558415750077,RESOLVED,relative_equilibrium_reference
62,2,120;122,oscillatory,-1.500642619960372,9.496820195164103e-17,72,5.333333333333333,UNDERRESOLVED,-0.999988733087;-0.999988733087,1.238549736891684,1.4136602446837474,True,0.32724558415750077,RESOLVED,relative_equilibrium_reference
63,2,121;123,oscillatory,1.500642619960372,9.496820195164103e-17,72,5.333333333333333,UNDERRESOLVED,0.999988733087;0.999988733087,1.238549736891684,1.4136602446837474,True,0.32724558415750077,RESOLVED,relative_equilibrium_reference
64,2,128;148,oscillatory,-0.6274002251176054,-1.4080354942135664e-16,41,9.365853658536585,DIAGNOSTIC,-0.999933480028;-0.999933480028,16.699428414763602,32.39834116196259,True,0.32724558415750077,RESOLVED,relative_equilibrium_reference
65,2,129;149,oscillatory,0.6274002251176054,-1.4080354942135664e-16,41,9.365853658536585,DIAGNOSTIC,0.999933480028;0.999933480028,16.699428414763602,32.39834116196259,True,0.32724558415750077,RESOLVED,relative_equilibrium_reference
66,2,130;164,oscillatory,-1.779967879076982,1.28273022774967e-16,92,4.173913043478261,UNDERRESOLVED,-0.9999921204;-0.9999921204,1.8049336852648783,2.5185500952860997,True,0.32724558415750077,RESOLVED,relative_equilibrium_reference
67,2,131;165,oscillatory,1.779967879076982,1.28273022774967e-16,92,4.173913043478261,UNDERRESOLVED,0.9999921204;0.9999921204,1.8049336852648783,2.5185500952860997,True,0.32724558415750077,RESOLVED,relative_equilibrium_reference
68,2,132;170,oscillatory,-1.7600456359113925,-2.486320287206116e-16,90,4.266666666666667,UNDERRESOLVED,-0.999991931071;-0.999991931071,69.81827445565222,138.63651195009592,True,0.32724558415750077,RESOLVED,relative_equilibrium_reference
69,2,133;171,oscillatory,1.7600456359113925,-2.486320287206116e-16,90,4.266666666666667,UNDERRESOLVED,0.999991931071;0.999991931071,69.81827445565222,138.63651195009592,True,0.32724558415750077,RESOLVED,relative_equilibrium_reference
70,2,134;262,oscillatory,-1.770194142519444,1.266242692688553e-16,91,4.21978021978022,UNDERRESOLVED,-0.999992028317;-0.999992028317,21.604558091384625,42.20888099920459,True,0.32724558415750077,RESOLVED,relative_equilibrium_reference
71,2,135;263,oscillatory,1.770194142519444,1.266242692688553e-16,91,4.21978021978022,UNDERRESOLVED,0.999992028317;0.999992028317,21.604558091384625,42.20888099920459,True,0.32724558415750077,RESOLVED,relative_equilibrium_reference
72,2,136;144,oscillatory,-1.7495114350359846,-2.6380056097678046e-16,89,4.314606741573034,UNDERRESOLVED,-0.999991828328;-0.999991828328,1.6558830253410175,2.1782075632903912,True,0.32724558415750077,RESOLVED,relative_equilibrium_reference
73,2,137;145,oscillatory,1.7495114350359846,-2.6380056097678046e-16,89,4.314606741573034,UNDERRESOLVED,0.999991828328;0.999991828328,1.6558830253410175,2.1782075632903912,True,0.32724558415750077,RESOLVED,relative_equilibrium_reference
74,2,138;146,oscillatory,-1.5376360512239193,4.642889873191339e-16,74,5.1891891891891895,UNDERRESOLVED,-0.999989290295;-0.999989290295,1.0011482209441322,1.0016443106846529,True,0.32724558415750077,RESOLVED,relative_equilibrium_reference
75,2,139;147,oscillatory,1.5376360512239193,4.642889873191339e-16,74,5.1891891891891895,UNDERRESOLVED,0.999989290295;0.999989290295,1.0011482209441322,1.0016443106846529,True,0.32724558415750077,RESOLVED,relative_equilibrium_reference
76,2,140;142,oscillatory,-1.5552887976309921,1.7938438146421083e-16,75,5.12,UNDERRESOLVED,-0.999989542232;-0.999989542232,1.0024138883552252,1.0033894296408248,True,0.32724558415750077,RESOLVED,relative_equilibrium_reference
77,2,141;143,oscillatory,1.5552887976309921,1.7938438146421083e-16,75,5.12,UNDERRESOLVED,0.999989542232;0.999989542232,1.0024138883552252,1.0033894296408248,True,0.32724558415750077,RESOLVED,relative_equilibrium_reference
78,2,150;156,oscillatory,-0.5563024854644886,-5.276011219535613e-17,39,9.846153846153847,DIAGNOSTIC,-0.999915362161;-0.999915362161,1.0005183014539765,1.0008186166668582,True,0.32724558415750077,RESOLVED,relative_equilibrium_reference
79,2,151;157,oscillatory,0.5563024854644886,-5.276011219535613e-17,39,9.846153846153847,DIAGNOSTIC,0.999915362161;0.999915362161,1.0005183014539765,1.0008186166668582,True,0.32724558415750077,RESOLVED,relative_equilibrium_reference
80,2,152;154,oscillatory,-0.5919035102064065,-6.331213463442724e-17,40,9.6,DIAGNOSTIC,-0.999925244556;-0.999925244556,5.305291211908878,9.55392033698038,True,0.32724558415750077,RESOLVED,relative_equilibrium_reference
81,2,153;155,oscillatory,0.5919035102064065,-6.331213463442724e-17,40,9.6,DIAGNOSTIC,0.999925244556;0.999925244556,5.305291211908878,9.55392033698038,True,0.32724558415750077,RESOLVED,relative_equilibrium_reference
82,2,158;196,oscillatory,-1.7893776516422788,-1.3849529451300477e-17,93,4.129032258064516,UNDERRESOLVED,-0.99999220763;-0.99999220763,1.5630245010542667,2.1093751680789983,True,0.32724558415750077,RESOLVED,relative_equilibrium_reference
83,2,159;197,oscillatory,1.7893776516422788,-1.3849529451300477e-17,93,4.129032258064516,UNDERRESOLVED,0.99999220763;0.99999220763,1.5630245010542667,2.1093751680789983,True,0.32724558415750077,RESOLVED,relative_equilibrium_reference
84,2,160;162,oscillatory,-1.8071478620084922,2.5984355256212906e-16,95,4.042105263157895,UNDERRESOLVED,-0.999992368656;-0.999992368656,9.64528214720162,12.361408530317595,True,0.32724558415750077,RESOLVED,relative_equilibrium_reference
85,2,161;163,oscillatory,1.8071478620084922,2.5984355256212906e-16,95,4.042105263157895,UNDERRESOLVED,0.999992368656;0.999992368656,9.64528214720162,12.361408530317595,True,0.32724558415750077,RESOLVED,relative_equilibrium_reference
86,2,166;168,oscillatory,-1.7984341351925959,2.0576443756189068e-16,94,4.085106382978723,UNDERRESOLVED,-0.999992290293;-0.999992290293,2.0295317043865597,2.874487109773297,True,0.32724558415750077,RESOLVED,relative_equilibrium_reference
87,2,167;169,oscillatory,1.7984341351925959,2.0576443756189068e-16,94,4.085106382978723,UNDERRESOLVED,0.999992290293;0.999992290293,2.0295317043865597,2.874487109773297,True,0.32724558415750077,RESOLVED,relative_equilibrium_reference
88,2,172;178,oscillatory,-1.5723916210635693,1.1607224682978347e-16,76,5.052631578947368,UNDERRESOLVED,-0.999989778241;-0.999989778241,23.338077440185454,45.50633291282014,True,0.32724558415750077,RESOLVED,relative_equilibrium_reference
89,2,173;179,oscillatory,1.5723916210635693,1.1607224682978347e-16,76,5.052631578947368,UNDERRESOLVED,0.999989778241;0.999989778241,23.338077440185454,45.50633291282014,True,0.32724558415750077,RESOLVED,relative_equilibrium_reference
90,2,174;176,oscillatory,-1.5889545039204969,8.738393582355859e-18,77,4.987012987012987,UNDERRESOLVED,-0.999989999545;-0.999989999545,1.0002280832742003,1.0004289846714653,True,0.32724558415750077,RESOLVED,relative_equilibrium_reference
91,2,175;177,oscillatory,1.5889545039204969,8.738393582355859e-18,77,4.987012987012987,UNDERRESOLVED,0.999989999545;0.999989999545,1.0002280832742003,1.0004289846714653,True,0.32724558415750077,RESOLVED,relative_equilibrium_reference
92,2,180;190,oscillatory,-1.6049877236554986,1.1046648412283995e-17,78,4.923076923076923,UNDERRESOLVED,-0.999990207252;-0.999990207252,1.0006605916920321,1.0011203300419713,True,0.32724558415750077,RESOLVED,relative_equilibrium_reference
93,2,181;191,oscillatory,1.6049877236554986,1.1046648412283995e-17,78,4.923076923076923,UNDERRESOLVED,0.999990207252;0.999990207252,1.0006605916920321,1.0011203300419713,True,0.32724558415750077,RESOLVED,relative_equilibrium_reference
94,2,182;184,oscillatory,-1.7385805118281958,-1.4772831414699715e-16,88,4.363636363636363,UNDERRESOLVED,-0.99999171973;-0.99999171973,172.2218067169357,329.2245829696893,True,0.32724558415750077,RESOLVED,relative_equilibrium_reference
95,2,183;185,oscillatory,1.7385805118281958,-1.4772831414699715e-16,88,4.363636363636363,UNDERRESOLVED,0.99999171973;0.99999171973,172.2218067169357,329.2245829696893,True,0.32724558415750077,RESOLVED,relative_equilibrium_reference
96,2,186;188,oscillatory,-1.7272417501567716,0.0,87,4.413793103448276,UNDERRESOLVED,-0.999991604886;-0.999991604886,2.799099068694608,4.586744379190969,True,0.32724558415750077,RESOLVED,relative_equilibrium_reference
97,2,187;189,oscillatory,1.7272417501567716,0.0,87,4.413793103448276,UNDERRESOLVED,0.999991604886;0.999991604886,2.799099068694608,4.586744379190969,True,0.32724558415750077,RESOLVED,relative_equilibrium_reference
98,2,192;236,oscillatory,-0.4850346988800464,-8.977462840741009e-17,37,10.378378378378379,DIAGNOSTIC,-0.999888695075;-0.999888695075,11.931603533430653,22.862075313175158,True,0.32724558415750077,RESOLVED,relative_equilibrium_reference
99,2,193;237,oscillatory,0.4850346988800464,-8.977462840741009e-17,37,10.378378378378379,DIAGNOSTIC,0.999888695075;0.999888695075,11.931603533430653,22.862075313175158,True,0.32724558415750077,RESOLVED,relative_equilibrium_reference
100,2,194;234,oscillatory,-0.4495024447126878,6.067412902465967e-17,36,10.666666666666666,DIAGNOSTIC,-0.99987045736;-0.99987045736,1.022998878077265,1.027758073694069,True,0.32724558415750077,RESOLVED,relative_equilibrium_reference
101,2,195;235,oscillatory,0.4495024447126878,6.067412902465967e-17,36,10.666666666666666,DIAGNOSTIC,0.99987045736;0.99987045736,1.022998878077265,1.027758073694069,True,0.32724558415750077,RESOLVED,relative_equilibrium_reference
102,2,198;200,oscillatory,-0.5206578683069136,-6.067412902465969e-17,38,10.105263157894736,DIAGNOSTIC,-0.999903382496;-0.999903382496,1.021113355864114,1.029948848104305,True,0.32724558415750077,RESOLVED,relative_equilibrium_reference
103,2,199;201,oscillatory,0.5206578683069136,-6.067412902465969e-17,38,10.105263157894736,DIAGNOSTIC,0.999903382496;0.999903382496,1.021113355864114,1.029948848104305,True,0.32724558415750077,RESOLVED,relative_equilibrium_reference
104,2,202;204,oscillatory,-1.620501808788058,2.7435258341585187e-16,79,4.860759493670886,UNDERRESOLVED,-0.999990402369;-0.999990402369,3.5160736205013587,5.89268559730215,True,0.32724558415750077,RESOLVED,relative_equilibrium_reference
105,2,203;205,oscillatory,1.620501808788058,2.7435258341585187e-16,79,4.860759493670886,UNDERRESOLVED,0.999990402369;0.999990402369,3.5160736205013587,5.89268559730215,True,0.32724558415750077,RESOLVED,relative_equilibrium_reference
106,2,206;212,oscillatory,-1.635507497755569,-3.0600865073306913e-16,80,4.8,UNDERRESOLVED,-0.999990585812;-0.999990585812,16.416278863380512,31.824597291430663,True,0.32724558415750077,RESOLVED,relative_equilibrium_reference
107,2,207;213,oscillatory,1.635507497755569,-3.0600865073306913e-16,80,4.8,UNDERRESOLVED,0.999990585812;0.999990585812,16.416278863380512,31.824597291430663,True,0.32724558415750077,RESOLVED,relative_equilibrium_reference
108,2,208;210,oscillatory,-1.7154839631654262,-1.6157784359827812e-17,86,4.465116279069767,UNDERRESOLVED,-0.999991483376;-0.999991483376,1.01788396962478,1.0230506661989867,True,0.32724558415750077,RESOLVED,relative_equilibrium_reference
109,2,209;211,oscillatory,1.7154839631654262,-1.6157784359827812e-17,86,4.465116279069767,UNDERRESOLVED,0.999991483376;0.999991483376,1.01788396962478,1.0230506661989867,True,0.32724558415750077,RESOLVED,relative_equilibrium_reference
110,2,214;216,oscillatory,-1.6500157004862515,7.122615146373077e-17,81,4.7407407407407405,UNDERRESOLVED,-0.999990758416;-0.999990758416,10.175234085110663,19.349818254633714,True,0.32724558415750077,RESOLVED,relative_equilibrium_reference
111,2,215;217,oscillatory,1.6500157004862515,7.122615146373077e-17,81,4.7407407407407405,UNDERRESOLVED,0.999990758416;0.999990758416,10.175234085110663,19.349818254633714,True,0.32724558415750077,RESOLVED,relative_equilibrium_reference
112,2,218;230,oscillatory,-1.677583931939432,-1.7147036458577072e-17,83,4.626506024096385,UNDERRESOLVED,-0.999991074089;-0.999991074089,70.34083021664703,78.40676678042745,True,0.32724558415750077,RESOLVED,relative_equilibrium_reference
113,2,219;231,oscillatory,1.677583931939432,-1.7147036458577072e-17,83,4.626506024096385,UNDERRESOLVED,0.999991074089;0.999991074089,70.34083021664703,78.40676678042745,True,0.32724558415750077,RESOLVED,relative_equilibrium_reference
114,2,220;222,oscillatory,-1.664037462574104,-2.0048842634235327e-16,82,4.682926829268292,UNDERRESOLVED,-0.999990920942;-0.999990920942,1.0012680802718599,1.001296544305216,True,0.32724558415750077,RESOLVED,relative_equilibrium_reference
115,2,221;223,oscillatory,1.664037462574104,-2.0048842634235327e-16,82,4.682926829268292,UNDERRESOLVED,0.999990920942;0.999990920942,1.0012680802718599,1.001296544305216,True,0.32724558415750077,RESOLVED,relative_equilibrium_reference
116,2,224;232,oscillatory,-1.6906663278603125,4.318653825595949e-29,84,4.571428571428571,UNDERRESOLVED,-0.999991218494;-0.999991218494,1.8823794866065748,2.5558136154526285,True,0.32724558415750077,RESOLVED,relative_equilibrium_reference
117,2,225;233,oscillatory,1.6906663278603125,4.318653825595949e-29,84,4.571428571428571,UNDERRESOLVED,0.999991218494;0.999991218494,1.8823794866065748,2.5558136154526285,True,0.32724558415750077,RESOLVED,relative_equilibrium_reference
118,2,226;228,oscillatory,-1.7032959122635205,1.8993640390328205e-16,85,4.517647058823529,UNDERRESOLVED,-0.999991354744;-0.999991354744,1.0684885322698263,1.0755682917602885,True,0.32724558415750077,RESOLVED,relative_equilibrium_reference
119,2,227;229,oscillatory,1.7032959122635205,1.8993640390328205e-16,85,4.517647058823529,UNDERRESOLVED,0.999991354744;0.999991354744,1.0684885322698263,1.0755682917602885,True,0.32724558415750077,RESOLVED,relative_equilibrium_reference
120,2,238;252,oscillatory,-0.30983117063633553,3.9734959497127416e-17,32,12.0,RESOLVED,-0.999728427173;-0.999728427173,48.171730171752685,56.85673484445773,True,0.32724558415750077,RESOLVED,relative_equilibrium_reference
121,2,239;253,oscillatory,0.30983117063633553,3.9734959497127416e-17,32,12.0,RESOLVED,0.999728427173;0.999728427173,48.171730171752685,56.85673484445773,True,0.32724558415750077,RESOLVED,relative_equilibrium_reference
122,2,240;242,oscillatory,-0.4141350886620675,1.0552022439071206e-17,35,10.971428571428572,DIAGNOSTIC,-0.999847482807;-0.999847482807,7.186386179864882,13.358913827502718,True,0.32724558415750077,RESOLVED,relative_equilibrium_reference
123,2,241;243,oscillatory,0.4141350886620675,1.0552022439071206e-17,35,10.971428571428572,DIAGNOSTIC,0.999847482807;0.999847482807,7.186386179864882,13.358913827502718,True,0.32724558415750077,RESOLVED,relative_equilibrium_reference
124,2,244;246,oscillatory,-0.3790111956455866,4.055933625018002e-17,34,11.294117647058824,DIAGNOSTIC,-0.999818061495;-0.999818061495,2.7714218946989497,4.515099973013333,True,0.32724558415750077,RESOLVED,relative_equilibrium_reference
125,2,245;247,oscillatory,0.3790111956455866,4.055933625018002e-17,34,11.294117647058824,DIAGNOSTIC,0.999818061495;0.999818061495,2.7714218946989497,4.515099973013333,True,0.32724558415750077,RESOLVED,relative_equilibrium_reference
126,2,248;250,oscillatory,-0.344213952209852,-2.1763546280584394e-17,33,11.636363636363637,DIAGNOSTIC,-0.99977966323;-0.99977966323,7.204219112227257,13.402127844646659,True,0.32724558415750077,RESOLVED,relative_equilibrium_reference
127,2,249;251,oscillatory,0.344213952209852,-2.1763546280584394e-17,33,11.636363636363637,DIAGNOSTIC,0.99977966323;0.99977966323,7.204219112227257,13.402127844646659,True,0.32724558415750077,RESOLVED,relative_equilibrium_reference
128,2,254;256,oscillatory,-1.8155292112876293,-6.331213463442735e-17,96,4.0,UNDERRESOLVED,-0.999992442967;-0.999992442967,2.027367987300684,2.806945568011667,True,0.32724558415750077,RESOLVED,relative_equilibrium_reference
129,2,255;257,oscillatory,1.8155292112876293,-6.331213463442735e-17,96,4.0,UNDERRESOLVED,0.999992442967;0.999992442967,2.027367987300684,2.806945568011667,True,0.32724558415750077,RESOLVED,relative_equilibrium_reference
130,2,258;260,oscillatory,-0.27595524511677355,-6.463113743931121e-17,31,12.387096774193548,RESOLVED,-0.999658244861;-0.999658244861,1.6717138368472528,2.238470651293432,True,0.32724558415750077,RESOLVED,relative_equilibrium_reference
131,2,259;261,oscillatory,0.27595524511677355,-6.463113743931121e-17,31,12.387096774193548,RESOLVED,0.999658244861;0.999658244861,1.6717138368472528,2.238470651293432,True,0.32724558415750077,RESOLVED,relative_equilibrium_reference
132,2,264;290,oscillatory,-1.823588399913359,-1.1079623561024772e-16,97,3.9587628865979383,UNDERRESOLVED,-0.999992513458;-0.999992513458,1.3851355869820463,1.413409641539179,True,0.32724558415750077,RESOLVED,relative_equilibrium_reference
133,2,265;291,oscillatory,1.823588399913359,-1.1079623561024772e-16,97,3.9587628865979383,UNDERRESOLVED,0.999992513458;0.999992513458,1.3851355869820463,1.413409641539179,True,0.32724558415750077,RESOLVED,relative_equilibrium_reference
134,2,266;292,oscillatory,-1.8657280041403956,-5.836587411611241e-17,103,3.7281553398058254,UNDERRESOLVED,-0.999992867322;-0.999992867322,1.001720487483114,1.0022374324274426,True,0.32724558415750077,RESOLVED,relative_equilibrium_reference
135,2,267;293,oscillatory,1.8657280041403956,-5.836587411611241e-17,103,3.7281553398058254,UNDERRESOLVED,0.999992867322;0.999992867322,1.001720487483114,1.0022374324274426,True,0.32724558415750077,RESOLVED,relative_equilibrium_reference
136,2,268;294,oscillatory,-1.8313354743071133,8.507568091501175e-17,98,3.9183673469387754,UNDERRESOLVED,-0.999992580345;-0.999992580345,6.728130514214829,12.4542776822893,True,0.32724558415750077,RESOLVED,relative_equilibrium_reference
137,2,269;295,oscillatory,1.8313354743071133,8.507568091501175e-17,98,3.9183673469387754,UNDERRESOLVED,0.999992580345;0.999992580345,6.728130514214829,12.4542776822893,True,0.32724558415750077,RESOLVED,relative_equilibrium_reference
138,2,270;272,oscillatory,-0.24268303949509606,-5.5398117805123896e-17,30,12.8,RESOLVED,-0.999559023942;-0.999559023942,2.3334745483907695,3.6664698637964714,True,0.32724558415750077,RESOLVED,relative_equilibrium_reference
139,2,271;273,oscillatory,0.24268303949509606,-5.5398117805123896e-17,30,12.8,RESOLVED,0.999559023942;0.999559023942,2.3334745483907695,3.6664698637964714,True,0.32724558415750077,RESOLVED,relative_equilibrium_reference
140,2,274;280,oscillatory,-1.8528017761920041,-6.595014024419996e-17,101,3.801980198019802,UNDERRESOLVED,-0.999992761328;-0.999992761328,6.7924665800005055,12.58465606896705,True,0.32724558415750077,RESOLVED,relative_equilibrium_reference
141,2,275;281,oscillatory,1.8528017761920041,-6.595014024419996e-17,101,3.801980198019802,UNDERRESOLVED,0.999992761328;0.999992761328,6.7924665800005055,12.58465606896705,True,0.32724558415750077,RESOLVED,relative_equilibrium_reference
142,2,276;278,oscillatory,-1.859397218523673,-2.242304768302635e-16,102,3.764705882352941,UNDERRESOLVED,-0.999992815684;-0.999992815684,1.5528439046766866,1.9412069443586837,True,0.32724558415750077,RESOLVED,relative_equilibrium_reference
143,2,277;279,oscillatory,1.859397218523673,-2.242304768302635e-16,102,3.764705882352941,UNDERRESOLVED,0.999992815684;0.999992815684,1.5528439046766866,1.9412069443586837,True,0.32724558415750077,RESOLVED,relative_equilibrium_reference
144,2,282;284,oscillatory,-0.2101156691072652,1.0222271737850203e-17,29,13.241379310344827,RESOLVED,-0.999413185469;-0.999413185469,11.416311270888794,21.82790233991475,True,0.32724558415750077,RESOLVED,relative_equilibrium_reference
145,2,283;285,oscillatory,0.2101156691072652,1.0222271737850203e-17,29,13.241379310344827,RESOLVED,0.999413185469;0.999413185469,11.416311270888794,21.82790233991475,True,0.32724558415750077,RESOLVED,relative_equilibrium_reference
146,2,286;288,oscillatory,-0.17835809973707514,-2.3412299786689327e-17,28,13.714285714285714,RESOLVED,-0.999188022089;-0.999188022089,6.155632344463423,6.674290834226557,True,0.32724558415750077,RESOLVED,relative_equilibrium_reference
147,2,287;289,oscillatory,0.17835809973707514,-2.3412299786689327e-17,28,13.714285714285714,RESOLVED,0.999188022089;0.999188022089,6.155632344463423,6.674290834226557,True,0.32724558415750077,RESOLVED,relative_equilibrium_reference
148,2,296;298,oscillatory,-1.8718030380514297,1.0024421317117663e-16,104,3.6923076923076925,UNDERRESOLVED,-0.999992916385;-0.999992916385,2.1880454422999347,3.3678591702097753,True,0.32724558415750077,RESOLVED,relative_equilibrium_reference
149,2,297;299,oscillatory,1.8718030380514297,1.0024421317117663e-16,104,3.6923076923076925,UNDERRESOLVED,0.999992916385;0.999992916385,2.1880454422999347,3.3678591702097753,True,0.32724558415750077,RESOLVED,relative_equilibrium_reference
150,2,300;306,oscillatory,-1.8776310227519764,-8.309717670768589e-17,105,3.657142857142857,UNDERRESOLVED,-0.99999296301;-0.99999296301,24.99608411848534,48.99162112059816,True,0.32724558415750077,RESOLVED,relative_equilibrium_reference
151,2,301;307,oscillatory,1.8776310227519764,-8.309717670768589e-17,105,3.657142857142857,UNDERRESOLVED,0.99999296301;0.99999296301,24.99608411848534,48.99162112059816,True,0.32724558415750077,RESOLVED,relative_equilibrium_reference
152,2,302;304,oscillatory,-1.8387803032960066,-3.1656067317213673e-17,99,3.878787878787879,UNDERRESOLVED,-0.999992643829;-0.999992643829,5.067725603601873,9.128784500526134,True,0.32724558415750077,RESOLVED,relative_equilibrium_reference
153,2,303;305,oscillatory,1.8387803032960066,-3.1656067317213673e-17,99,3.878787878787879,UNDERRESOLVED,0.999992643829;0.999992643829,5.067725603601873,9.128784500526134,True,0.32724558415750077,RESOLVED,relative_equilibrium_reference
154,2,308;310,oscillatory,-1.88322045653272,-4.22080897562849e-17,106,3.6226415094339623,UNDERRESOLVED,-0.999993007324;-0.999993007324,1.5824045320609814,2.084888524856038,True,0.32724558415750077,RESOLVED,relative_equilibrium_reference
155,2,309;311,oscillatory,1.88322045653272,-4.22080897562849e-17,106,3.6226415094339623,UNDERRESOLVED,0.999993007324;0.999993007324,1.5824045320609814,2.084888524856038,True,0.32724558415750077,RESOLVED,relative_equilibrium_reference
156,2,312;314,oscillatory,-1.8459325719308681,-1.7938438146421083e-16,100,3.84,UNDERRESOLVED,-0.999992704098;-0.999992704098,2.2317181714691983,3.4039405433476375,True,0.32724558415750077,RESOLVED,relative_equilibrium_reference
157,2,313;315,oscillatory,1.8459325719308681,-1.7938438146421083e-16,100,3.84,UNDERRESOLVED,0.999992704098;0.999992704098,2.2317181714691983,3.4039405433476375,True,0.32724558415750077,RESOLVED,relative_equilibrium_reference
158,2,316;318,oscillatory,-1.8885796323611839,-2.110404487814245e-17,107,3.588785046728972,UNDERRESOLVED,-0.999993049449;-0.999993049449,2.5659444280058783,4.131137641683345,True,0.32724558415750077,RESOLVED,relative_equilibrium_reference
159,2,317;319,oscillatory,1.8885796323611839,-2.110404487814245e-17,107,3.588785046728972,UNDERRESOLVED,0.999993049449;0.999993049449,2.5659444280058783,4.131137641683345,True,0.32724558415750077,RESOLVED,relative_equilibrium_reference
160,2,320;322,oscillatory,-0.14751838371974255,6.595014024419515e-17,27,14.222222222222221,RESOLVED,-0.998817282685;-0.998817282685,3.5327453793080483,6.055909220916467,True,0.32724558415750077,RESOLVED,relative_equilibrium_reference
161,2,321;323,oscillatory,0.14751838371974255,6.595014024419515e-17,27,14.222222222222221,RESOLVED,0.998817282685;0.998817282685,3.5327453793080483,6.055909220916467,True,0.32724558415750077,RESOLVED,relative_equilibrium_reference
162,2,324;326,oscillatory,-0.12035667829868028,-1.5828033658606837e-17,12,32.0,RESOLVED,0.998437107063;0.998437107063,2.0423916673229616,2.5381841797354756,True,0.32724558415750077,RESOLVED,relative_equilibrium_reference
163,2,325;327,oscillatory,0.12035667829868028,-1.5828033658606837e-17,12,32.0,RESOLVED,-0.998437107063;-0.998437107063,2.0423916673229616,2.5381841797354756,True,0.32724558415750077,RESOLVED,relative_equilibrium_reference
164,2,328;330,oscillatory,-0.12013188061493643,3.1656067317213673e-17,11,34.90909090909091,RESOLVED,0.998459110171;0.998459110171,12.062557083184117,23.120750234714578,True,0.32724558415750077,RESOLVED,relative_equilibrium_reference
165,2,329;331,oscillatory,0.12013188061493643,3.1656067317213673e-17,11,34.90909090909091,RESOLVED,-0.998459110171;-0.998459110171,12.062557083184117,23.120750234714578,True,0.32724558415750077,RESOLVED,relative_equilibrium_reference
166,2,332;334,oscillatory,-0.11169312918478971,-2.6380056097678064e-17,9,42.666666666666664,RESOLVED,0.998292448446;0.998292448446,8.89864010888214,16.793914583345664,True,0.32724558415750077,RESOLVED,relative_equilibrium_reference
167,2,333;335,oscillatory,0.11169312918478971,-2.6380056097678064e-17,9,42.666666666666664,RESOLVED,-0.998292448446;-0.998292448446,8.89864010888214,16.793914583345664,True,0.32724558415750077,RESOLVED,relative_equilibrium_reference
168,2,336;338,oscillatory,-0.11282966517603582,-5.144110939047222e-17,14,27.428571428571427,RESOLVED,0.998167154874;0.998167154874,4.3359319475879,7.664724863813246,True,0.32724558415750077,RESOLVED,relative_equilibrium_reference
169,2,337;339,oscillatory,0.11282966517603582,-5.144110939047222e-17,14,27.428571428571427,RESOLVED,-0.998167154874;-0.998167154874,4.3359319475879,7.664724863813246,True,0.32724558415750077,RESOLVED,relative_equilibrium_reference
170,2,340;342,oscillatory,-0.10360259484805516,5.539811780512393e-17,8,48.0,RESOLVED,0.998066291242;0.998066291242,1.4980408412464588,1.6801399662033056,True,0.32724558415750077,RESOLVED,relative_equilibrium_reference
171,2,341;343,oscillatory,0.10360259484805516,5.539811780512393e-17,8,48.0,RESOLVED,-0.998066291242;-0.998066291242,1.4980408412464588,1.6801399662033056,True,0.32724558415750077,RESOLVED,relative_equilibrium_reference
172,2,344;346,oscillatory,-0.10517373297931422,-6.199313182954344e-17,15,25.6,RESOLVED,0.997863885601;0.997863885601,1.4269719270253165,1.7895660130277977,True,0.32724558415750077,RESOLVED,relative_equilibrium_reference
173,2,345;347,oscillatory,0.10517373297931422,-6.199313182954344e-17,15,25.6,RESOLVED,-0.997863885601;-0.997863885601,1.4269719270253165,1.7895660130277977,True,0.32724558415750077,RESOLVED,relative_equilibrium_reference
174,2,348;350,oscillatory,-0.08902802410735296,2.110404487814245e-17,25,15.36,RESOLVED,-0.996786478048;-0.996786478048,1.3411510407711922,1.3479390711746821,True,0.32724558415750077,RESOLVED,relative_equilibrium_reference
175,2,349;351,oscillatory,0.08902802410735296,2.110404487814245e-17,25,15.36,RESOLVED,0.996786478048;0.996786478048,1.3411510407711922,1.3479390711746821,True,0.32724558415750077,RESOLVED,relative_equilibrium_reference
176,2,352;354,oscillatory,-0.08046525230493656,1.1871025243955128e-17,6,64.0,RESOLVED,0.99699703873;0.99699703873,1.0067636029308322,1.0091946463382748,True,0.32724558415750077,RESOLVED,relative_equilibrium_reference
177,2,353;355,oscillatory,0.08046525230493656,1.1871025243955128e-17,6,64.0,RESOLVED,-0.99699703873;-0.99699703873,1.0067636029308322,1.0091946463382748,True,0.32724558415750077,RESOLVED,relative_equilibrium_reference
178,2,356;358,oscillatory,-0.08246315289455426,8.903268932966346e-17,17,22.58823529411765,RESOLVED,0.996454181547;0.996454181547,1.0130113515000048,1.0165835204799951,True,0.32724558415750077,RESOLVED,relative_equilibrium_reference
179,2,357;359,oscillatory,0.08246315289455426,8.903268932966346e-17,17,22.58823529411765,RESOLVED,-0.996454181547;-0.996454181547,1.0130113515000048,1.0165835204799951,True,0.32724558415750077,RESOLVED,relative_equilibrium_reference
180,2,360;362,oscillatory,-0.06157545987071785,4.7566538651125754e-17,24,16.0,RESOLVED,-0.993346740712;-0.993346740712,1.0403403598629666,1.061121945991986,True,0.32724558415750077,RESOLVED,relative_equilibrium_reference
181,2,361;363,oscillatory,0.06157545987071785,4.7566538651125754e-17,24,16.0,RESOLVED,0.993346740712;0.993346740712,1.0403403598629666,1.061121945991986,True,0.32724558415750077,RESOLVED,relative_equilibrium_reference
182,2,364;366,oscillatory,-0.09311375887911791,5.012210658558832e-17,7,54.857142857142854,RESOLVED,0.99767690374;0.99767690374,13.059881963669259,25.099559070761828,True,0.32724558415750077,RESOLVED,relative_equilibrium_reference
183,2,365;367,oscillatory,0.09311375887911791,5.012210658558832e-17,7,54.857142857142854,RESOLVED,-0.99767690374;-0.99767690374,13.059881963669259,25.099559070761828,True,0.32724558415750077,RESOLVED,relative_equilibrium_reference
184,2,368;370,oscillatory,-0.06600761188481358,-7.914016829303419e-17,5,76.8,RESOLVED,0.995724077158;0.995724077158,2.2143564423811646,3.418533205826409,True,0.32724558415750077,RESOLVED,relative_equilibrium_reference
185,2,369;371,oscillatory,0.06600761188481358,-7.914016829303419e-17,5,76.8,RESOLVED,-0.995724077158;-0.995724077158,2.2143564423811646,3.418533205826409,True,0.32724558415750077,RESOLVED,relative_equilibrium_reference
186,2,372;374,oscillatory,-0.06759513478576387,-9.628720475652493e-17,18,21.333333333333332,RESOLVED,0.994686187892;0.994686187892,1.8575392555170471,2.317742348050765,True,0.32724558415750077,RESOLVED,relative_equilibrium_reference
187,2,373;375,oscillatory,0.06759513478576387,-9.628720475652493e-17,18,21.333333333333332,RESOLVED,-0.994686187892;-0.994686187892,1.8575392555170471,2.317742348050765,True,0.32724558415750077,RESOLVED,relative_equilibrium_reference
188,2,376;378,oscillatory,-0.09502128796661698,-9.5297952652862e-17,16,24.0,RESOLVED,0.99735410106;0.99735410106,44.26300276078223,87.52238120700727,True,0.32724558415750077,RESOLVED,relative_equilibrium_reference
189,2,377;379,oscillatory,0.09502128796661698,-9.5297952652862e-17,16,24.0,RESOLVED,-0.99735410106;-0.99735410106,44.26300276078223,87.52238120700727,True,0.32724558415750077,RESOLVED,relative_equilibrium_reference
190,2,380;392,oscillatory,-1.893716637291365,2.816070988427133e-16,108,3.5555555555555554,UNDERRESOLVED,-0.999993089496;-0.999993089496,634.3060325043858,1070.1032927584845,True,0.32724558415750077,RESOLVED,relative_equilibrium_reference
191,2,381;393,oscillatory,1.893716637291365,2.816070988427133e-16,108,3.5555555555555554,UNDERRESOLVED,0.999993089496;0.999993089496,634.3060325043858,1070.1032927584845,True,0.32724558415750077,RESOLVED,relative_equilibrium_reference
192,2,382;384,oscillatory,-0.017805684076688616,-3.5571856894212765e-17,2,192.0,RESOLVED,0.95516693204;0.95516693204,2.771481969256009,4.415724765656632,True,0.32724558415750077,RESOLVED,relative_equilibrium_reference
193,2,383;385,oscillatory,0.017805684076688616,-3.5571856894212765e-17,2,192.0,RESOLVED,-0.95516693204;-0.95516693204,2.771481969256009,4.415724765656632,True,0.32724558415750077,RESOLVED,relative_equilibrium_reference
194,2,386;388,oscillatory,-0.031187494299568942,-7.48534091771615e-17,20,19.2,RESOLVED,0.975362951207;0.975362951207,1.5422494106281404,1.7239407393946502,True,0.32724558415750077,RESOLVED,relative_equilibrium_reference
195,2,387;389,oscillatory,0.031187494299568942,-7.48534091771615e-17,20,19.2,RESOLVED,-0.975362951207;-0.975362951207,1.5422494106281404,1.7239407393946502,True,0.32724558415750077,RESOLVED,relative_equilibrium_reference
196,2,390;394,oscillatory,-1.89863935236001,2.52589037135268e-16,109,3.522935779816514,UNDERRESOLVED,-0.999993127573;-0.999993127573,1.0001001032852628,1.0001683883225438,True,0.32724558415750077,RESOLVED,relative_equilibrium_reference
197,2,391;395,oscillatory,1.89863935236001,2.52589037135268e-16,109,3.522935779816514,UNDERRESOLVED,0.999993127573;0.999993127573,1.0001001032852628,1.0001683883225438,True,0.32724558415750077,RESOLVED,relative_equilibrium_reference
198,2,396;398,oscillatory,-0.11723202953258505,1.0634460114376545e-17,10,38.4,RESOLVED,0.998414235097;0.998414235097,3.7126150431238556,6.41802816682138,True,0.32724558415750077,RESOLVED,relative_equilibrium_reference
199,2,397;399,oscillatory,0.11723202953258505,1.0634460114376545e-17,10,38.4,RESOLVED,-0.998414235097;-0.998414235097,3.7126150431238556,6.41802816682138,True,0.32724558415750077,RESOLVED,relative_equilibrium_reference
200,2,400;402,oscillatory,-0.11770604527521228,-5.210061079291417e-17,26,14.76923076923077,RESOLVED,-0.998150573706;-0.998150573706,2.8070841760374345,3.197863743170669,True,0.32724558415750077,RESOLVED,relative_equilibrium_reference
201,2,401;403,oscillatory,0.11770604527521228,-5.210061079291417e-17,26,14.76923076923077,RESOLVED,0.998150573706;0.998150573706,2.8070841760374345,3.197863743170669,True,0.32724558415750077,RESOLVED,relative_equilibrium_reference
202,2,404;406,oscillatory,-0.11791068757693887,7.946991899425516e-17,13,29.53846153846154,RESOLVED,0.998345392949;0.998345392949,1.0094285588986724,1.015250586830851,True,0.32724558415750077,RESOLVED,relative_equilibrium_reference
203,2,405;407,oscillatory,0.11791068757693887,7.946991899425516e-17,13,29.53846153846154,RESOLVED,-0.998345392949;-0.998345392949,1.0094285588986724,1.015250586830851,True,0.32724558415750077,RESOLVED,relative_equilibrium_reference
204,2,408;410,oscillatory,-0.05024055985873905,2.3329862111384036e-17,4,96.0,RESOLVED,0.99300909063;0.99300909063,2.527238428601783,3.3967418992328136,True,0.32724558415750077,RESOLVED,relative_equilibrium_reference
205,2,409;411,oscillatory,0.05024055985873905,2.3329862111384036e-17,4,96.0,RESOLVED,-0.99300909063;-0.99300909063,2.527238428601783,3.3967418992328136,True,0.32724558415750077,RESOLVED,relative_equilibrium_reference
206,2,412;414,oscillatory,-0.03535767148425369,2.9533297178103644e-17,23,16.695652173913043,RESOLVED,-0.980317110635;-0.980317110635,101.91328784473987,194.01225081539445,True,0.32724558415750077,RESOLVED,relative_equilibrium_reference
207,2,413;415,oscillatory,0.03535767148425369,2.9533297178103644e-17,23,16.695652173913043,RESOLVED,0.980317110635;0.980317110635,101.91328784473987,194.01225081539445,True,0.32724558415750077,RESOLVED,relative_equilibrium_reference
208,2,416;418,oscillatory,-0.03386340157945742,-4.8143602378262464e-17,3,128.0,RESOLVED,0.985739999886;0.985739999886,1.0167974144394025,1.0181806688063983,True,0.32724558415750077,RESOLVED,relative_equilibrium_reference
209,2,417;419,oscillatory,0.03386340157945742,-4.8143602378262464e-17,3,128.0,RESOLVED,-0.985739999886;-0.985739999886,1.0167974144394025,1.0181806688063983,True,0.32724558415750077,RESOLVED,relative_equilibrium_reference
210,2,420;532,oscillatory,-1.9562032930460993,-8.90326893296629e-18,126,3.0476190476190474,UNDERRESOLVED,-0.999993552363;-0.999993552363,5.018998677693862,9.03195093387403,True,0.32724558415750077,RESOLVED,relative_equilibrium_reference
211,2,421;533,oscillatory,1.9562032930460993,-8.90326893296629e-18,126,3.0476190476190474,UNDERRESOLVED,0.999993552363;0.999993552363,5.018998677693862,9.03195093387403,True,0.32724558415750077,RESOLVED,relative_equilibrium_reference
212,2,422;522,oscillatory,-1.960475924573853,1.7443812094588618e-16,128,3.0,UNDERRESOLVED,-0.999993582499;-0.999993582499,6.817165511911132,9.82941121987581,True,0.32724558415750077,RESOLVED,relative_equilibrium_reference
213,2,423;523,oscillatory,1.960475924573853,1.7443812094588618e-16,128,3.0,UNDERRESOLVED,0.999993582499;0.999993582499,6.817165511911132,9.82941121987581,True,0.32724558415750077,RESOLVED,relative_equilibrium_reference
214,127,424;426;436;438;440;442;524;526;528;530;534;536;538;540;542;544;546;548;550;552;554;556;558;560;562;564;566;568;570;572;574;576;578;580;582;584;586;588;590;592;594;596;598;600;602;604;606;608;610;612;614;616;618;620;622;624;626;628;630;632;634;636;638;640;642;644;646;648;650;652;654;656;658;660;662;664;666;668;670;672;674;676;678;680;682;684;686;688;690;692;694;696;698;700;702;704;706;708;710;712;714;716;718;720;722;724;726;728;730;732;734;736;738;740;742;744;746;748;750;752;754;756;758;760;762;764;766,oscillatory,-1.9889008156224206,9.715831741784902e-17,191,2.0104712041884816,UNDERRESOLVED,-0.999993840365;-0.99999384034;-0.99999384034;-0.999993840263;-0.999993840263;-0.999993840135;-0.999993840135;-0.999993839956;-0.999993839956;-0.999993839724;-0.999993839724;-0.999993839439;-0.999993839439;-0.9999938391;-0.9999938391;-0.999993838707;-0.999993838707;-0.999993838257;-0.999993838257;-0.999993837749;-0.999993837749;-0.999993837182;-0.999993837182;-0.999993836554;-0.999993836554;-0.999993835863;-0.999993835863;-0.999993835107;-0.999993835107;-0.999993834284;-0.999993834284;-0.999993833391;-0.999993833391;-0.999993832425;-0.999993832425;-0.999993831383;-0.999993831383;-0.999993830262;-0.999993830262;-0.999993829059;-0.999993829059;-0.999993827771;-0.999993827771;-0.999993826392;-0.999993826392;-0.99999382492;-0.99999382492;-0.999993823349;-0.999993823349;-0.999993821676;-0.999993821676;-0.999993819895;-0.999993819895;-0.999993818001;-0.999993818001;-0.999993815988;-0.999993815988;-0.999993813852;-0.999993813852;-0.999993811584;-0.999993811584;-0.99999380918;-0.99999380918;-0.999993806633;-0.999993806633;-0.999993803934;-0.999993803934;-0.999993801077;-0.999993801077;-0.999993798053;-0.999993798053;-0.999993794855;-0.999993794855;-0.999993791473;-0.999993791473;-0.999993787898;-0.999993787898;-0.999993784121;-0.999993784121;-0.999993780131;-0.999993780131;-0.999993775917;-0.999993775917;-0.999993771468;-0.999993771468;-0.999993766773;-0.999993766773;-0.999993761818;-0.999993761818;-0.999993756591;-0.999993756591;-0.999993751078;-0.999993751078;-0.999993745265;-0.999993745265;-0.999993739136;-0.999993739136;-0.999993732676;-0.999993732676;-0.999993725869;-0.999993725869;-0.999993718696;-0.999993718696;-0.999993711139;-0.999993711139;-0.999993703179;-0.999993703179;-0.999993694797;-0.999993694797;-0.99999368597;-0.99999368597;-0.999993676678;-0.999993676678;-0.999993666895;-0.999993666895;-0.999993656599;-0.999993656599;-0.999993645763;-0.999993645763;-0.999993634361;-0.999993634361;-0.999993622363;-0.999993622363;-0.999993609742;-0.999993609742;-0.999993596464;-0.999993596464,1.0017546911373254,77.6360892149611,False,0.32724558415750077,RESOLVED,relative_equilibrium_reference
215,127,425;427;437;439;441;443;525;527;529;531;535;537;539;541;543;545;547;549;551;553;555;557;559;561;563;565;567;569;571;573;575;577;579;581;583;585;587;589;591;593;595;597;599;601;603;605;607;609;611;613;615;617;619;621;623;625;627;629;631;633;635;637;639;641;643;645;647;649;651;653;655;657;659;661;663;665;667;669;671;673;675;677;679;681;683;685;687;689;691;693;695;697;699;701;703;705;707;709;711;713;715;717;719;721;723;725;727;729;731;733;735;737;739;741;743;745;747;749;751;753;755;757;759;761;763;765;767,oscillatory,1.9889008156224206,9.715831741784902e-17,191,2.0104712041884816,UNDERRESOLVED,0.999993596464;0.999993596464;0.999993609742;0.999993609742;0.999993622363;0.999993622363;0.999993634361;0.999993634361;0.999993645763;0.999993645763;0.999993656599;0.999993656599;0.999993666895;0.999993666895;0.999993676678;0.999993676678;0.99999368597;0.99999368597;0.999993694797;0.999993694797;0.999993703179;0.999993703179;0.999993711139;0.999993711139;0.999993718696;0.999993718696;0.999993725869;0.999993725869;0.999993732676;0.999993732676;0.999993739136;0.999993739136;0.999993745265;0.999993745265;0.999993751078;0.999993751078;0.999993756591;0.999993756591;0.999993761818;0.999993761818;0.999993766773;0.999993766773;0.999993771468;0.999993771468;0.999993775917;0.999993775917;0.999993780131;0.999993780131;0.999993784121;0.999993784121;0.999993787898;0.999993787898;0.999993791473;0.999993791473;0.999993794855;0.999993794855;0.999993798053;0.999993798053;0.999993801077;0.999993801077;0.999993803934;0.999993803934;0.999993806633;0.999993806633;0.99999380918;0.99999380918;0.999993811584;0.999993811584;0.999993813852;0.999993813852;0.999993815988;0.999993815988;0.999993818001;0.999993818001;0.999993819895;0.999993819895;0.999993821676;0.999993821676;0.999993823349;0.999993823349;0.99999382492;0.99999382492;0.999993826392;0.999993826392;0.999993827771;0.999993827771;0.999993829059;0.999993829059;0.999993830262;0.999993830262;0.999993831383;0.999993831383;0.999993832425;0.999993832425;0.999993833391;0.999993833391;0.999993834284;0.999993834284;0.999993835107;0.999993835107;0.999993835863;0.999993835863;0.999993836554;0.999993836554;0.999993837182;0.999993837182;0.999993837749;0.999993837749;0.999993838257;0.999993838257;0.999993838707;0.999993838707;0.9999938391;0.9999938391;0.999993839439;0.999993839439;0.999993839724;0.999993839724;0.999993839956;0.999993839956;0.999993840135;0.999993840135;0.999993840263;0.999993840263;0.99999384034;0.99999384034;0.999993840365,1.0017546911373254,77.6360892149611,False,0.32724558415750077,RESOLVED,relative_equilibrium_reference
216,2,428;430,oscillatory,-1.9033554529303573,-3.3766471805028017e-16,110,3.4909090909090907,UNDERRESOLVED,-0.999993163781;-0.999993163781,1.0002063025725487,1.0003891575593862,True,0.32724558415750077,RESOLVED,relative_equilibrium_reference
217,2,429;431,oscillatory,1.9033554529303573,-3.3766471805028017e-16,110,3.4909090909090907,UNDERRESOLVED,0.999993163781;0.999993163781,1.0002063025725487,1.0003891575593862,True,0.32724558415750077,RESOLVED,relative_equilibrium_reference
218,2,432;434,oscillatory,-1.9583903066068051,-2.4269651609863846e-16,127,3.0236220472440944,UNDERRESOLVED,-0.99999356781;-0.99999356781,13.599172205346171,24.083005601614193,True,0.32724558415750077,RESOLVED,relative_equilibrium_reference
219,2,433;435,oscillatory,1.9583903066068051,-2.4269651609863846e-16,127,3.0236220472440944,UNDERRESOLVED,0.99999356781;0.99999356781,13.599172205346171,24.083005601614193,True,0.32724558415750077,RESOLVED,relative_equilibrium_reference
220,2,444;460,oscillatory,-0.050501966991515414,1.136403354082782e-16,19,20.210526315789473,RESOLVED,0.990459051753;0.990459051753,3.9664157314207986,6.905832599208207,True,0.32724558415750077,RESOLVED,relative_equilibrium_reference
221,2,445;461,oscillatory,0.050501966991515414,1.136403354082782e-16,19,20.210526315789473,RESOLVED,-0.990459051753;-0.990459051753,3.9664157314207986,6.905832599208207,True,0.32724558415750077,RESOLVED,relative_equilibrium_reference
222,2,446;456,oscillatory,-1.9078724094461066,-4.2208089756283924e-17,111,3.4594594594594597,UNDERRESOLVED,-0.999993198213;-0.999993198213,13.709879544780694,26.41879369440725,True,0.32724558415750077,RESOLVED,relative_equilibrium_reference
223,2,447;457,oscillatory,1.9078724094461066,-4.2208089756283924e-17,111,3.4594594594594597,UNDERRESOLVED,0.999993198213;0.999993198213,13.709879544780694,26.41879369440725,True,0.32724558415750077,RESOLVED,relative_equilibrium_reference
224,2,448;518,oscillatory,-1.9240911042263371,-2.1103884417388726e-17,115,3.3391304347826085,UNDERRESOLVED,-0.999993319904;-0.999993319904,5.751846069761514,10.499647247671616,True,0.32724558415750077,RESOLVED,relative_equilibrium_reference
225,2,449;519,oscillatory,1.9240911042263371,-2.1103884417388726e-17,115,3.3391304347826085,UNDERRESOLVED,0.999993319904;0.999993319904,5.751846069761514,10.499647247671616,True,0.32724558415750077,RESOLVED,relative_equilibrium_reference
226,2,450;520,oscillatory,-1.9277173222930915,1.5828039948104802e-17,116,3.310344827586207,UNDERRESOLVED,-0.999993346706;-0.999993346706,1.0000929861486225,1.000096414769748,True,0.32724558415750077,RESOLVED,relative_equilibrium_reference
227,2,451;521,oscillatory,1.9277173222930915,1.5828039948104802e-17,116,3.310344827586207,UNDERRESOLVED,0.999993346706;0.999993346706,1.0000929861486225,1.000096414769748,True,0.32724558415750077,RESOLVED,relative_equilibrium_reference
228,2,452;478,oscillatory,-1.9121974885607573,3.046896479281813e-16,112,3.4285714285714284,UNDERRESOLVED,-0.999993230959;-0.999993230959,38.76906031565483,76.5376995276091,True,0.32724558415750077,RESOLVED,relative_equilibrium_reference
229,2,453;479,oscillatory,1.9121974885607573,3.046896479281813e-16,112,3.4285714285714284,UNDERRESOLVED,0.999993230959;0.999993230959,38.76906031565483,76.5376995276091,True,0.32724558415750077,RESOLVED,relative_equilibrium_reference
230,2,454;458,oscillatory,-1.9539105262753018,-2.9018061707445825e-16,125,3.072,UNDERRESOLVED,-0.999993536118;-0.999993536118,16.377160232493214,31.750972100591316,True,0.32724558415750077,RESOLVED,relative_equilibrium_reference
231,2,455;459,oscillatory,1.9539105262753018,-2.9018061707445825e-16,125,3.072,UNDERRESOLVED,0.999993536118;0.999993536118,16.377160232493214,31.750972100591316,True,0.32724558415750077,RESOLVED,relative_equilibrium_reference
232,2,462;464,oscillatory,-0.009275201216561741,1.9871601632329053e-16,22,17.454545454545453,RESOLVED,-0.794024943845;-0.794024943845,4.783486159160935,8.29235057058672,True,0.32724558415750077,RESOLVED,relative_equilibrium_reference
233,2,463;465,oscillatory,0.009275201216561741,1.9871601632329053e-16,22,17.454545454545453,RESOLVED,0.794024943845;0.794024943845,4.783486159160935,8.29235057058672,True,0.32724558415750077,RESOLVED,relative_equilibrium_reference
234,2,466;467,real_dominant,-0.0,0.0001675988426828361,2,192.0,RESOLVED,-3.13773967727e-13;3.13773967727e-13,50.150575078133244,68.18524782925476,True,0.32724558415750077,RESOLVED,relative_equilibrium_reference
235,2,468;469,real_dominant,-0.0,-0.000167598842682715,2,192.0,RESOLVED,-3.1615071244e-13;3.1615071244e-13,51.76371308290482,71.48562879795766,True,0.32724558415750077,RESOLVED,relative_equilibrium_reference
236,1,470,oscillatory,-6.932220437639152e-10,-9.457577908978248e-17,0,inf,NOT_APPLICABLE,-1.80629514238e-07,3508263.697889935,3508263.697889935,True,0.32724558415750077,RESOLVED,relative_equilibrium_reference
237,1,471,oscillatory,6.932220437639152e-10,-9.457577908978248e-17,0,inf,NOT_APPLICABLE,1.80629514238e-07,3508263.697889935,3508263.697889935,True,0.32724558415750077,RESOLVED,relative_equilibrium_reference
238,2,472;474,oscillatory,-0.008475459793127074,8.581761999275895e-17,22,17.454545454545453,RESOLVED,0.767519348831;0.767519348831,7.189041693732904,13.07230267767832,True,0.32724558415750077,RESOLVED,relative_equilibrium_reference
239,2,473;475,oscillatory,0.008475459793127074,8.581761999275895e-17,22,17.454545454545453,RESOLVED,-0.767519348831;-0.767519348831,7.189041693732904,13.07230267767832,True,0.32724558415750077,RESOLVED,relative_equilibrium_reference
240,2,476;490,oscillatory,-1.9515074921671105,-3.7987280780652594e-16,124,3.096774193548387,UNDERRESOLVED,-0.999993519037;-0.999993519037,3.208368737126407,5.412325738841566,True,0.32724558415750077,RESOLVED,relative_equilibrium_reference
241,2,477;491,oscillatory,1.9515074921671105,-3.7987280780652594e-16,124,3.096774193548387,UNDERRESOLVED,0.999993519037;0.999993519037,3.208368737126407,5.412325738841566,True,0.32724558415750077,RESOLVED,relative_equilibrium_reference
242,2,480;482,oscillatory,-1.916337754608902,1.0552022439071248e-16,113,3.398230088495575,UNDERRESOLVED,-0.999993262104;-0.999993262104,2.4922858400121806,3.9502133704713924,True,0.32724558415750077,RESOLVED,relative_equilibrium_reference
243,2,481;483,oscillatory,1.916337754608902,1.0552022439071248e-16,113,3.398230088495575,UNDERRESOLVED,0.999993262104;0.999993262104,2.4922858400121806,3.9502133704713924,True,0.32724558415750077,RESOLVED,relative_equilibrium_reference
244,2,484;486,oscillatory,-1.9203000713888057,-1.0420122158582826e-16,114,3.3684210526315788,UNDERRESOLVED,-0.999993291727;-0.999993291727,26.887064604304193,36.03667992246595,True,0.32724558415750077,RESOLVED,relative_equilibrium_reference
245,2,485;487,oscillatory,1.9203000713888057,-1.0420122158582826e-16,114,3.3684210526315788,UNDERRESOLVED,0.999993291727;0.999993291727,26.887064604304193,36.03667992246595,True,0.32724558415750077,RESOLVED,relative_equilibrium_reference
246,2,488;492,oscillatory,-1.931185001152509,-3.9833884707493876e-16,117,3.282051282051282,UNDERRESOLVED,-0.999993372201;-0.999993372201,1.0037256558092382,1.0037367124466292,True,0.32724558415750077,RESOLVED,relative_equilibrium_reference
247,2,489;493,oscillatory,1.931185001152509,-3.9833884707493876e-16,117,3.282051282051282,UNDERRESOLVED,0.999993372201;0.999993372201,1.0037256558092382,1.0037367124466292,True,0.32724558415750077,RESOLVED,relative_equilibrium_reference
248,2,494;502,oscillatory,-1.9345002255097827,1.688323590251396e-16,118,3.2542372881355934,UNDERRESOLVED,-0.999993396453;-0.999993396453,6.7777447433997695,12.553195006947984,True,0.32724558415750077,RESOLVED,relative_equilibrium_reference
249,2,495;503,oscillatory,1.9345002255097827,1.688323590251396e-16,118,3.2542372881355934,UNDERRESOLVED,0.999993396453;0.999993396453,6.7777447433997695,12.553195006947984,True,0.32724558415750077,RESOLVED,relative_equilibrium_reference
250,2,496;498,oscillatory,-1.9489895163341089,-1.0552022439071224e-17,123,3.1219512195121952,UNDERRESOLVED,-0.999993501076;-0.999993501076,4.411458067886961,7.819957554201766,True,0.32724558415750077,RESOLVED,relative_equilibrium_reference
251,2,497;499,oscillatory,1.9489895163341089,-1.0552022439071224e-17,123,3.1219512195121952,UNDERRESOLVED,0.999993501076;0.999993501076,4.411458067886961,7.819957554201766,True,0.32724558415750077,RESOLVED,relative_equilibrium_reference
252,2,500;504,oscillatory,-1.937668892142558,2.954566282939763e-16,119,3.226890756302521,UNDERRESOLVED,-0.999993419522;-0.999993419522,2.581852873208269,4.157742431264993,True,0.32724558415750077,RESOLVED,relative_equilibrium_reference
253,2,501;505,oscillatory,1.937668892142558,2.954566282939763e-16,119,3.226890756302521,UNDERRESOLVED,0.999993419522;0.999993419522,2.581852873208269,4.157742431264993,True,0.32724558415750077,RESOLVED,relative_equilibrium_reference
254,2,506;508,oscillatory,-1.9406967129913253,5.1704909951449e-16,120,3.2,UNDERRESOLVED,-0.999993441466;-0.999993441466,14.021830173270766,27.025226270496994,True,0.32724558415750077,RESOLVED,relative_equilibrium_reference
255,2,507;509,oscillatory,1.9406967129913253,5.1704909951449e-16,120,3.2,UNDERRESOLVED,0.999993441466;0.999993441466,14.021830173270766,27.025226270496994,True,0.32724558415750077,RESOLVED,relative_equilibrium_reference
256,2,510;512,oscillatory,-1.9463517604121587,9.496820195164103e-17,122,3.1475409836065573,UNDERRESOLVED,-0.999993482192;-0.999993482192,4.913703579034352,8.811524251738366,True,0.32724558415750077,RESOLVED,relative_equilibrium_reference
257,2,511;513,oscillatory,1.9463517604121587,9.496820195164103e-17,122,3.1475409836065573,UNDERRESOLVED,0.999993482192;0.999993482192,4.913703579034352,8.811524251738366,True,0.32724558415750077,RESOLVED,relative_equilibrium_reference
258,2,514;516,oscillatory,-1.943589218389086,-1.8993640390328205e-16,121,3.1735537190082646,UNDERRESOLVED,-0.999993462338;-0.999993462338,4.783758016633076,5.278219182973466,True,0.32724558415750077,RESOLVED,relative_equilibrium_reference
259,2,515;517,oscillatory,1.943589218389086,-1.8993640390328205e-16,121,3.1735537190082646,UNDERRESOLVED,0.999993462338;0.999993462338,4.783758016633076,5.278219182973466,True,0.32724558415750077,RESOLVED,relative_equilibrium_reference
