axial_ratio,candidate_a,candidate_b,carrier_id,condition_a,condition_b,control_offset,core_fraction,family,m,n,pair_id,profile,winner_condition,closed_growth,control_growth,closed_over_control_growth,log_growth_ratio,growth_effect_bounded,neutral_pair,both_valid,closed_loop_phase,closed_tau_error,closed_hybridization,closed_mode_valid,control_mode_valid,closed_delay_valid,closed_phase_valid,phase_uncertainty_rad,phase_sampling_step_rad,dispersion_omega_rmse,carrier_phase_cycles_at_return,lambda_real,lambda_imag,omega_mode,T_mode,advective_frequency_mode_weighted,omega_intrinsic,T_intrinsic,group_velocity,tau_loop_group,tau_return_measured,phi_loop,omega_swirl_rms_core,mode_over_swirl_frequency_ratio,intrinsic_over_swirl_frequency_ratio,clock_regime,axial_branch_continuation_enabled,axial_branch_continuation_success
-1.5,2ce0113239f2cd69,f4398bd5751f024e,TORUS_T2_3,SYMMETRIC_CONTROL,CLOSED,-0.37,0.05,torus,1,1,P00000,gaussian,INDETERMINATE,2.2916854121695093e-19,0.0,nan,nan,nan,False,False,nan,nan,0.5124439332445755,False,False,False,False,nan,nan,nan,nan,2.2916854121695093e-19,-1.0235005192336784,1.0235005192336784,6.1389175570560255,1.232120785100834,-0.20862026586715565,30.117808934154876,0.03930150334548857,nan,nan,nan,1.3207793553866565,0.7749216514169771,0.1579523975873187,OTHER_BRANCH,True,True
-1.5,0c83133538d4cd09,74f82b1af96c4cd8,TORUS_T2_3,CLOSED,SYMMETRIC_CONTROL,0.37,0.05,torus,1,2,P00001,gaussian,INDETERMINATE,nan,nan,nan,nan,nan,False,False,nan,nan,nan,False,False,False,False,nan,nan,nan,nan,nan,nan,nan,nan,nan,nan,nan,nan,nan,nan,nan,1.3207793553866565,nan,nan,OTHER_BRANCH,True,False
-1.0,349f609d147921bb,867a64e3a19a6c29,TORUS_T2_3,SYMMETRIC_CONTROL,CLOSED,0.37,0.05,torus,1,1,P00002,gaussian,INDETERMINATE,0.0,0.0,nan,nan,nan,False,False,nan,nan,0.8127441317375893,False,False,False,False,nan,nan,nan,nan,0.0,-1.0236033654518202,1.0236033654518202,6.13830075129362,1.2621865778573846,-0.23858321240556446,26.33540408743798,-0.08877791950332513,nan,nan,nan,1.3207793553866565,0.7749995192438192,0.18063820533878616,FAST_SWIRL_LOCKED,True,True
-1.0,e5bfd456b4206d5e,012b330790bcb2d5,TORUS_T2_3,SYMMETRIC_CONTROL,CLOSED,0.37,0.05,torus,1,2,P00003,gaussian,SYMMETRIC_CONTROL,0.028829028645273876,0.021451466304509986,1.3439186299365709,0.295589697066188,0.14672228074863264,False,True,1.133258872604025,0.0017062444104820607,0.19240453356584147,True,True,True,True,0.0001848251110201622,0.049999999999999996,9.996494399731144e-09,60.80652565270729,0.028829028645273876,-1.4724236961601516,1.4724236961601516,4.267240009492608,1.4916153133327028,-0.019191617172551245,327.39217600516196,-1.0183395409597291,251.4951032598988,251.9242153740996,1.133258872604025,1.3207793553866565,1.1148142876060487,0.014530524795288706,FAST_SWIRL_LOCKED,True,True
-0.75,eff0afaa7803ec83,607cc1241214ceda,TORUS_T2_3,SYMMETRIC_CONTROL,CLOSED,0.37,0.05,torus,1,1,P00004,gaussian,INDETERMINATE,0.0,0.0,nan,nan,nan,False,False,nan,nan,0.9780037903127398,False,False,False,False,nan,nan,nan,nan,0.0,-1.0239846268739443,1.0239846268739443,6.136015270425603,1.2787728788782131,-0.2547882520042688,24.66042000662698,-0.09802759751470978,nan,nan,nan,1.3207793553866565,0.775288183221318,0.19290750643939303,FAST_SWIRL_LOCKED,True,True
-0.75,0669a3c8d8bf2af4,c4682fef7ede35a1,TORUS_T2_3,CLOSED,SYMMETRIC_CONTROL,-0.37,0.05,torus,1,2,P00005,gaussian,CLOSED,0.022066057887597922,0.017860782915773078,nan,nan,nan,False,False,2.0421969973628564,0.00035598715031848194,0.27150430933619596,True,False,True,True,0.00024869274016362246,0.05,1.265327445696402e-08,81.66128765014716,0.022066057887597922,-1.4835712761131754,1.4835712761131754,4.2351758950476395,1.5011539549685917,-0.01758267885541631,357.3508541472372,-0.762429912254803,335.90944412174935,335.7898646759714,2.0421969973628564,1.3207793553866565,1.1232544406926028,0.01331235136565941,FAST_SWIRL_LOCKED,True,True
-0.5,792984808d86f45b,5e0aae6a952a53cf,TORUS_T2_3,SYMMETRIC_CONTROL,CLOSED,-0.37,0.05,torus,1,1,P00006,gaussian,INDETERMINATE,0.0,1.258887225705755e-20,nan,nan,nan,False,False,nan,nan,0.8616921607047258,False,False,False,False,nan,nan,nan,nan,0.0,-1.055990361889914,1.055990361889914,5.950040392352181,1.3108713562859005,-0.25488099439598644,24.65144693141752,-0.0871566825647904,nan,nan,nan,1.3207793553866565,0.7995206448247173,0.19297772436893545,FAST_SWIRL_LOCKED,True,True
-0.5,755ea7d82f55bf13,48f3b183ff5aea58,TORUS_T2_3,SYMMETRIC_CONTROL,CLOSED,-0.37,0.05,torus,1,2,P00007,gaussian,CLOSED,0.013282201629236072,0.010223082423534157,nan,nan,nan,False,False,-0.9367278510897544,0.00043497135557490907,0.4168077358557191,True,False,True,True,0.00031371678236606187,0.05000000000000001,5.319388094386186e-08,124.13058462214586,0.013282201629236072,-1.4947051526074109,1.4947051526074109,4.203628586025143,1.5091450144483212,-0.014439861840910284,435.127799448772,-0.5057409530120139,506.40037450402235,506.62064416138406,-0.9367278510897544,1.3207793553866565,1.1316842184967661,0.010932834301216825,FAST_SWIRL_LOCKED,True,True
0.0,4cbfa9a07c3233b6,5a8162da0664eb6b,TORUS_T2_3,CLOSED,SYMMETRIC_CONTROL,0.37,0.05,torus,1,1,P00008,gaussian,INDETERMINATE,nan,nan,nan,nan,nan,False,False,nan,nan,nan,False,False,False,False,nan,nan,nan,nan,nan,nan,nan,nan,nan,nan,nan,nan,nan,nan,nan,1.3207793553866565,nan,nan,OTHER_BRANCH,True,False
0.0,522b2c69786c08a9,df5e79739d7bd6bf,TORUS_T2_3,CLOSED,SYMMETRIC_CONTROL,0.37,0.05,torus,1,2,P00009,gaussian,CLOSED,0.0,2.289948429592531e-18,nan,nan,nan,False,False,-0.394488605712609,0.2385914823548272,0.3068208340434577,True,False,True,False,0.01590736003928026,0.05000000000000001,1.6256932665199553e-06,2440.32639400218,-4.624423854549232e-18,-1.531265765666228,1.531265765666228,4.10326244343736,1.5250294452820436,0.006236320384184424,1007.5148356896502,0.03242458066444357,7898.557290770133,9783.085783239507,-0.394488605712609,1.3207793553866565,1.1593653091420042,0.004721697351454096,OTHER_BRANCH,True,True
0.5,9708180392cf6ee7,01d9b95ef9bd79f6,TORUS_T2_3,CLOSED,SYMMETRIC_CONTROL,-0.37,0.05,torus,1,1,P00010,gaussian,INDETERMINATE,0.0,2.158881047407469e-19,nan,nan,nan,False,False,nan,nan,0.8653229580995427,False,False,False,False,nan,nan,nan,nan,0.0,-1.0278731705265094,1.0278731705265094,6.112802130987754,1.3100518416915001,-0.28217867116499074,22.266691104749686,0.08193557537146366,nan,nan,nan,1.3207793553866565,0.7782323113504457,0.21364557979662188,FAST_SWIRL_LOCKED,True,True
0.5,2760a44dbaeba948,e40490372bd3cc4e,TORUS_T2_3,SYMMETRIC_CONTROL,CLOSED,-0.37,0.05,torus,1,2,P00011,gaussian,CLOSED,0.0,0.0,nan,nan,nan,False,False,0.4401914797524177,0.004233062785500952,0.2481282597060562,True,False,True,True,0.0031972836210871153,0.05000000000000001,6.1954445501152575e-06,129.8805708211373,-3.353993311414637e-18,-1.5556077902416152,1.5556077902416152,4.03905492540873,1.555008964677394,0.0005988255642213058,10492.513484039455,0.5007878959822358,511.408941913384,513.57376807357,0.4401914797524177,1.3207793553866565,1.1777953553689617,0.0004533880407647653,FAST_SWIRL_LOCKED,True,True
0.75,aac215ab25327657,3d30e4951e1f64f7,TORUS_T2_3,SYMMETRIC_CONTROL,CLOSED,-0.37,0.05,torus,1,1,P00012,gaussian,INDETERMINATE,0.0,0.0,nan,nan,nan,False,False,nan,nan,0.9848142124108553,False,False,False,False,nan,nan,nan,nan,0.0,-1.028930716896569,1.028930716896569,6.106519325354333,1.308662056935951,-0.27973134003938216,22.461499331090337,0.14482087704055757,nan,nan,nan,1.3207793553866565,0.7790330100937645,0.2117926350821036,FAST_SWIRL_LOCKED,True,True
0.75,abd65a8d6390845b,fed1c110bf659e81,TORUS_T2_3,CLOSED,SYMMETRIC_CONTROL,0.37,0.05,torus,1,2,P00013,gaussian,CLOSED,0.0,1.8014723279134393e-18,nan,nan,nan,False,False,-0.9825692749453471,0.08406806796996902,0.2200204848371174,True,False,True,True,0.0020815280546889574,0.05,5.750315542932809e-06,91.14250948794617,-5.773151389961593e-19,-1.565170622655468,1.565170622655468,4.014377229058603,1.5686197706615543,-0.003449148006086311,1821.663000860612,0.7758585346750078,330.0954962293268,357.8459868429145,-0.9825692749453471,1.3207793553866565,1.1850356505589583,0.002611449059995776,FAST_SWIRL_LOCKED,True,True
1.0,968a2daf626d2632,36cd10573fb61107,TORUS_T2_3,CLOSED,SYMMETRIC_CONTROL,0.37,0.05,torus,1,1,P00014,gaussian,INDETERMINATE,1.7801367566560244e-19,0.0,nan,nan,nan,False,False,nan,nan,0.8800485601919421,False,False,False,False,nan,nan,nan,nan,1.7801367566560244e-19,-1.0300575555229041,1.0300575555229041,6.099839056070954,1.3095495481806143,-0.2794919926577102,22.48073459075628,0.21341748713993586,nan,nan,nan,1.3207793553866565,0.7798861719952884,0.2116114183022563,FAST_SWIRL_LOCKED,True,True
1.0,4fd6e3b07c311099,a6bac598db7bf649,TORUS_T2_3,CLOSED,SYMMETRIC_CONTROL,0.37,0.05,torus,1,2,P00015,gaussian,INDETERMINATE,0.0,nan,nan,nan,nan,False,False,nan,nan,0.2233035697284297,False,False,False,False,nan,nan,nan,nan,-4.387480522786146e-17,-1.574336615789654,1.574336615789654,3.9910050011941527,1.5782183913560734,-0.003881775566419443,1618.6369355133038,1.0109065663467234,nan,nan,nan,1.3207793553866565,1.191975487327911,0.0029390038166390467,FAST_SWIRL_LOCKED,True,True
1.5,bae23385c3b0d1ac,f0f2a0ba26fc7fd3,TORUS_T2_3,CLOSED,SYMMETRIC_CONTROL,-0.37,0.05,torus,1,1,P00016,gaussian,INDETERMINATE,0.0,0.0,nan,nan,nan,False,False,nan,nan,0.6198296942027022,False,False,False,False,nan,nan,nan,nan,0.0,-1.032492978962253,1.032492978962253,6.085450879767477,1.3149107372569515,-0.2824177582946985,22.247840734657984,0.3647175932342122,nan,nan,nan,1.3207793553866565,0.7817301010583951,0.21382659953222927,FAST_SWIRL_LOCKED,True,True
1.5,ae2cf032fbc0b961,82018c6d7fbc47bf,TORUS_T2_3,SYMMETRIC_CONTROL,CLOSED,-0.37,0.05,torus,1,2,P00017,gaussian,INDETERMINATE,nan,nan,nan,nan,nan,False,False,nan,nan,nan,False,False,False,False,nan,nan,nan,nan,nan,nan,nan,nan,nan,nan,nan,nan,nan,nan,nan,1.3207793553866565,nan,nan,OTHER_BRANCH,True,False
-1.5,dfaa5968a033cf7c,59e8901795a83647,TORUS_T2_9,SYMMETRIC_CONTROL,CLOSED,0.37,0.05,torus,1,1,P00018,gaussian,CLOSED,0.0,0.0,nan,nan,nan,False,False,0.2055082056839665,0.3884192258865804,0.4898298385792411,True,False,True,False,0.9119668772070848,0.05,0.0011171136974269106,133.00296338552647,0.0,-1.0236689349192036,1.0236689349192036,6.137907572310482,1.2240799332170462,-0.2004109982978426,31.351499471310323,0.2980669187720647,1334.8357742069245,816.3598961037567,0.2055082056839665,1.3207793553866565,0.7750491637715868,0.15173692523318744,FAST_SWIRL_LOCKED,True,True
-1.5,e53ef8516d5d3bf7,3ec0ced710b3ed5a,TORUS_T2_9,SYMMETRIC_CONTROL,CLOSED,-0.37,0.05,torus,1,2,P00019,gaussian,INDETERMINATE,nan,nan,nan,nan,nan,False,False,nan,nan,nan,False,False,False,False,nan,nan,nan,nan,nan,nan,nan,nan,nan,nan,nan,nan,nan,nan,nan,1.3207793553866565,nan,nan,OTHER_BRANCH,True,False
-1.0,0528d3aef7864770,d564c0b9f7f55cc3,TORUS_T2_9,CLOSED,SYMMETRIC_CONTROL,-0.37,0.05,torus,1,1,P00020,gaussian,CLOSED,0.0,9.178141932891802e-18,nan,nan,nan,False,False,-2.9556763311814995,0.3569441079445227,0.8691912336835108,True,False,True,True,0.03553835441422918,0.05,1.0439214783394049e-05,554.469268644012,0.0,-1.0233983794831698,1.0233983794831698,6.139530248575028,1.258401869284642,-0.23500348980147212,26.736561710158174,-0.07515843243737054,5293.755782042507,3404.180846745185,-2.9556763311814995,1.3207793553866565,0.7748443184770792,0.17792789449883184,FAST_SWIRL_LOCKED,True,True
-1.0,f2d01570269b4146,fe21533a6bc32f2b,TORUS_T2_9,CLOSED,SYMMETRIC_CONTROL,-0.37,0.05,torus,1,2,P00021,gaussian,CLOSED,0.014123442924637845,0.01776999623825784,0.7947916694722836,-0.22967524964742192,-0.11432836196411648,False,True,0.880875551728254,0.3246334119100944,0.25919435811621394,True,True,True,False,0.9232817098532807,0.05,0.0014873803024226815,123.94202972196683,0.014123442924637845,-1.277599422145097,1.277599422145097,4.917961920043828,1.3451302604550475,-0.0656061618383803,95.7712679894018,-0.43288147857907333,919.120835547376,620.7435027459745,0.880875551728254,1.3207793553866565,0.9673072318510623,0.04967231019383566,FAST_SWIRL_LOCKED,True,True
-0.75,5afb0ac2150bcb25,3ce54a04e767f0d4,TORUS_T2_9,CLOSED,SYMMETRIC_CONTROL,0.37,0.05,torus,1,1,P00022,gaussian,CLOSED,0.0,0.0,nan,nan,nan,False,False,-2.226751612045938,0.20082908376313802,0.9938104971983589,True,False,True,True,0.002378476644821251,0.05,6.980371197987886e-07,550.3505655830569,0.0,-1.023743013630496,1.023743013630496,6.137463429320558,1.2766481175625874,-0.25290510393209154,24.84404311929864,-0.09413539549547893,4226.575818696062,3377.756469571897,-2.226751612045938,1.3207793553866565,0.7751052508924146,0.19148172092533494,FAST_SWIRL_LOCKED,True,True
-0.75,974cd1bebbb69d2c,efe81519db5bffa6,TORUS_T2_9,SYMMETRIC_CONTROL,CLOSED,-0.37,0.05,torus,1,2,P00023,gaussian,INDETERMINATE,0.005946870412411538,0.014848071302137658,nan,nan,nan,False,False,nan,nan,0.23917049343567506,False,False,False,False,nan,nan,nan,nan,0.005946870412411537,-1.411172349267153,1.411172349267153,4.452457781250147,1.4293264056650294,-0.018154056397876372,346.103656916841,-1.4401096788019836,nan,nan,nan,1.3207793553866565,1.0684391329345349,0.013744957720482991,FAST_SWIRL_LOCKED,True,True
-0.5,a115e8112a636dfc,a8e98aa692e59425,TORUS_T2_9,SYMMETRIC_CONTROL,CLOSED,-0.37,0.05,torus,1,1,P00024,gaussian,CLOSED,0.0,1.747837694892157e-20,nan,nan,nan,False,False,-1.0340713527877543,0.008989008572852453,0.8275937433466637,True,False,True,True,0.00041365104220839397,0.05,6.04460032788108e-08,730.2376267268454,0.0,-1.0243078684366456,1.0243078684366456,6.1340789237217574,1.2951755087619126,-0.270867640325267,23.19651509362479,-0.08802509864724736,4519.965241720559,4479.335235413738,-1.0340713527877543,1.3207793553866565,0.7755329186961594,0.20508167334730246,FAST_SWIRL_LOCKED,True,True
-0.5,afa761bae109ddbf,dd1f21d9580518c3,TORUS_T2_9,SYMMETRIC_CONTROL,CLOSED,0.37,0.05,torus,1,2,P00025,gaussian,INDETERMINATE,0.009166358509140458,0.009582589989106886,nan,nan,nan,False,False,nan,nan,0.36558738543805475,False,False,False,False,nan,nan,nan,nan,0.009166358509140458,-1.5623386265276986,1.5623386265276986,4.021653949082716,1.556633623960477,0.005705002567221618,1101.346622222389,nan,nan,nan,nan,1.3207793553866565,1.1828914649187001,0.004319421365843112,OTHER_BRANCH,True,False
0.0,82e94c9d18d88474,1fca22864a5e4890,TORUS_T2_9,CLOSED,SYMMETRIC_CONTROL,0.37,0.05,torus,1,1,P00026,gaussian,INDETERMINATE,nan,nan,nan,nan,nan,False,False,nan,nan,nan,False,False,False,False,nan,nan,nan,nan,nan,nan,nan,nan,nan,nan,nan,nan,nan,nan,nan,1.3207793553866565,nan,nan,OTHER_BRANCH,True,False
0.0,09faa7abf9ee8607,8b900c27b9abcac1,TORUS_T2_9,SYMMETRIC_CONTROL,CLOSED,0.37,0.05,torus,1,2,P00027,gaussian,INDETERMINATE,0.0,1.3360361523226594e-18,nan,nan,nan,False,False,nan,nan,0.7922424184654995,False,False,False,False,nan,nan,nan,nan,-1.777106337399424e-17,-1.5799320033773525,1.5799320033773525,3.9768707094661617,1.4886389246890743,0.09129307868827818,68.82433364563849,nan,nan,nan,nan,1.3207793553866565,1.196211916043183,0.06912061300469997,OTHER_BRANCH,True,False
0.5,150504b127744ab9,193c2a5fb8e926d4,TORUS_T2_9,SYMMETRIC_CONTROL,CLOSED,0.37,0.05,torus,1,1,P00028,gaussian,CLOSED,0.0,0.0,nan,nan,nan,False,False,-2.473802476468646,0.0338052510571728,0.8669426966598249,True,False,True,True,0.0003332556723974186,0.05,2.4741360297909775e-08,766.3754912186204,-3.5984104993836613e-20,-1.0280793922513072,1.0280793922513072,6.111575968292246,1.3109311827206687,-0.2828517904693615,22.21370172963491,0.08207510866909357,4847.637642353859,4683.762034819885,-2.473802476468646,1.3207793553866565,0.778388447743672,0.21415521776274055,FAST_SWIRL_LOCKED,True,True
0.5,5db8b15e66042e39,e93e0c604b36a07f,TORUS_T2_9,CLOSED,SYMMETRIC_CONTROL,0.37,0.05,torus,1,2,P00029,gaussian,INDETERMINATE,1.74021365077866e-17,2.1195663348210037e-18,nan,nan,nan,False,False,nan,nan,0.246796926782691,False,False,False,False,nan,nan,nan,nan,1.74021365077866e-17,-1.6164212322787117,1.6164212322787117,3.8870964954611575,1.587542405330588,0.028878826948123715,217.57065543092673,nan,nan,nan,nan,1.3207793553866565,1.223838959691724,0.021864989659585856,OTHER_BRANCH,True,False
0.75,beda6f31eb783fb4,21f0bec5500c4add,TORUS_T2_9,CLOSED,SYMMETRIC_CONTROL,-0.37,0.05,torus,1,1,P00030,gaussian,CLOSED,0.0,0.0,nan,nan,nan,False,False,2.7295879516379444,0.029858844378428784,0.9889979317163178,True,False,True,True,0.00039546784155943026,0.05,9.232801542096904e-08,429.4756019551186,-1.8293041575771775e-20,-1.029297951351334,1.029297951351334,6.104340632302418,1.3102754152772214,-0.2809774639258873,22.36188347417388,0.147231008620866,2702.354551609002,2621.66536759717,2.7295879516379444,1.3207793553866565,0.779311053851238,0.21273611128153308,FAST_SWIRL_LOCKED,True,True
0.75,36b9ff332b70d8ef,1815a8671e551da5,TORUS_T2_9,SYMMETRIC_CONTROL,CLOSED,-0.37,0.05,torus,1,2,P00031,gaussian,INDETERMINATE,nan,nan,nan,nan,nan,False,False,nan,nan,nan,False,False,False,False,nan,nan,nan,nan,nan,nan,nan,nan,nan,nan,nan,nan,nan,nan,nan,1.3207793553866565,nan,nan,OTHER_BRANCH,True,False
1.0,1dc84e371ec73861,47b4b382627ad711,TORUS_T2_9,CLOSED,SYMMETRIC_CONTROL,-0.37,0.05,torus,1,1,P00032,gaussian,CLOSED,2.0289886005956828e-19,5.986960221375515e-20,nan,nan,nan,False,False,1.7545843167490895,0.11419411349503772,0.9388709233277374,True,False,True,True,0.0007354126905019457,0.049999999999999996,4.1223861043785285e-07,264.6851428622749,2.0289886005956828e-19,-1.0306005425583837,1.0306005425583837,6.096625266256972,1.3118186332012522,-0.2812180906428685,22.34274933314616,0.21840426324372916,1821.7152924372008,1613.6861295769813,1.7545843167490895,1.3207793553866565,0.7802972830815309,0.21291829668290224,FAST_SWIRL_LOCKED,True,True
1.0,53c8b66aa4d928d0,310405e6a631711a,TORUS_T2_9,SYMMETRIC_CONTROL,CLOSED,-0.37,0.05,torus,1,2,P00033,gaussian,INDETERMINATE,0.0,nan,nan,nan,nan,False,False,nan,nan,0.22406546264878638,False,False,False,False,nan,nan,nan,nan,-2.1509645653920423e-18,-1.6355508694833931,1.6355508694833931,3.841632458160228,1.5993353750070936,0.03621549447629957,173.49439509355528,nan,nan,nan,nan,1.3207793553866565,1.2383225576724644,0.027419791450099953,OTHER_BRANCH,True,False
1.5,bf52bec55eae8aa7,a222f5c24dc1ca09,TORUS_T2_9,SYMMETRIC_CONTROL,CLOSED,0.37,0.05,torus,1,1,P00034,gaussian,CLOSED,5.498011787749883e-20,0.0,nan,nan,nan,False,False,-0.450227527164006,0.07103607294986769,0.7058362483546539,True,False,True,True,0.0017668050584995127,0.05,1.762532748781724e-06,161.9584470243117,5.498011787749883e-20,-1.0334234953004222,1.0334234953004222,6.07997141128771,1.3181211249287412,-0.284697629628319,22.069679032391193,0.37534905316453554,1060.0010388468293,984.7027277243703,-0.450227527164006,1.3207793553866565,0.7824346217146079,0.2155527556266006,FAST_SWIRL_LOCKED,True,True
1.5,e484025a8105f1ec,a6e078e1fea3a251,TORUS_T2_9,SYMMETRIC_CONTROL,CLOSED,0.37,0.05,torus,1,2,P00035,gaussian,INDETERMINATE,nan,nan,nan,nan,nan,False,False,nan,nan,nan,False,False,False,False,nan,nan,nan,nan,nan,nan,nan,nan,nan,nan,nan,nan,nan,nan,nan,1.3207793553866565,nan,nan,OTHER_BRANCH,True,False
-1.5,6fa32f1e4e13aff3,aaac61e112c68703,TWIST_5_2,SYMMETRIC_CONTROL,CLOSED,-0.37,0.05,twist,1,1,P00036,gaussian,CLOSED,0.0,0.0,nan,nan,nan,False,False,-1.625347146685993,0.18699756161802017,0.4827404179602753,True,False,True,False,1.6398661146484956,0.05,0.002052511938532923,130.17857811009918,0.0,-1.023756565411108,1.023756565411108,6.137382185828971,1.2215943237484894,-0.19783775833738138,31.759282757665478,0.4741362917203406,673.0895766798337,798.9556862694681,-1.625347146685993,1.3207793553866565,0.7751155113349002,0.1497886513220557,FAST_SWIRL_LOCKED,True,True
-1.5,8f22fb558cb64f9f,b5b4ae37efe57b8f,TWIST_5_2,CLOSED,SYMMETRIC_CONTROL,0.37,0.05,twist,1,2,P00037,gaussian,INDETERMINATE,nan,nan,nan,nan,nan,False,False,nan,nan,nan,False,False,False,False,nan,nan,nan,nan,nan,nan,nan,nan,nan,nan,nan,nan,nan,nan,nan,1.3207793553866565,nan,nan,OTHER_BRANCH,True,False
-1.0,0380768a79cb798d,60ac966d32766e49,TWIST_5_2,SYMMETRIC_CONTROL,CLOSED,-0.37,0.05,twist,1,1,P00038,gaussian,CLOSED,0.0,4.6712170465903027e-05,nan,nan,nan,False,False,-2.463384691829739,0.4497498570655811,0.8668257419326156,True,False,True,True,0.028332562695180637,0.05,1.1435875227433052e-05,403.36779405017546,0.0,-1.0233450502386188,1.0233450502386188,6.139850195898737,1.2572675627360117,-0.23392251249739293,26.860113804778035,-0.07090506065212501,4500.894477029486,2476.617829318211,-2.463384691829739,1.3207793553866565,0.774803941373717,0.17710945552212423,FAST_SWIRL_LOCKED,True,True
-1.0,9cbe11e17a2c4d97,f89e3c474a0185b7,TWIST_5_2,SYMMETRIC_CONTROL,CLOSED,-0.37,0.05,twist,1,2,P00039,gaussian,SYMMETRIC_CONTROL,0.02302585833772445,0.020877932291845886,1.1028801601160407,0.09792508533512367,0.04892124740448119,False,True,-1.4675300431482035,0.21723211185250357,0.199179531942709,True,True,True,True,0.24136111834374893,0.05,0.0004436404548753745,108.3576935163729,0.02302585833772445,-1.3641708365626193,1.3641708365626193,4.605863971562164,1.407952272325206,-0.04378143576258675,143.51254584823042,-0.7140252268693853,446.9536703651633,544.0463600788155,-1.4675300431482035,1.3207793553866565,1.0328529371684947,0.03314818299061753,FAST_SWIRL_LOCKED,True,True
-0.75,0c6d8f0b3b9dd52e,63517847a36348bc,TWIST_5_2,CLOSED,SYMMETRIC_CONTROL,0.37,0.05,twist,1,1,P00040,gaussian,CLOSED,0.0,0.00011417625226790424,nan,nan,nan,False,False,0.7419044114879589,0.16551580707721747,0.993833636039845,True,False,True,True,0.002113719405477237,0.05,7.296652137330416e-07,466.7600950902651,0.0,-1.0236740528341917,1.0236740528341917,6.137876885502438,1.2760190140094374,-0.25234496117524574,24.899190686895107,-0.0929570399172737,3433.15789924682,2864.915998729458,0.7419044114879589,1.3207793553866565,0.7750530386920776,0.19105762074950972,FAST_SWIRL_LOCKED,True,True
-0.75,d6e89edb5d7ec168,3f92630f23bbb218,TWIST_5_2,CLOSED,SYMMETRIC_CONTROL,-0.37,0.05,twist,1,2,P00041,gaussian,INDETERMINATE,0.013881853098712767,0.017269977498070913,nan,nan,nan,False,False,nan,nan,0.2801803518702706,False,False,False,False,nan,nan,nan,nan,0.013881853098712767,-1.373097585595649,1.373097585595649,4.575920439372081,1.4162185474993512,-0.04312096190370207,145.71069451584185,-1.7395153435458532,nan,nan,nan,1.3207793553866565,1.0396116353542462,0.032648119254618774,FAST_SWIRL_LOCKED,True,True
-0.5,47398176bc0c73e1,50b7e803fbca1648,TWIST_5_2,SYMMETRIC_CONTROL,CLOSED,-0.37,0.05,twist,1,1,P00042,gaussian,CLOSED,0.0,0.0018400405431581155,nan,nan,nan,False,False,-0.500245756344882,0.018748171268088365,0.8267348085847156,True,False,True,True,0.00038055775889818465,0.05,6.115221918027834e-08,578.1616568776435,0.0,-1.0242428618824764,1.0242428618824764,6.134468240893175,1.2949282511792792,-0.27068538929680286,23.212133183480248,-0.0882938256015202,3614.479197253125,3546.714322218081,-0.500245756344882,1.3207793553866565,0.7754837003661604,0.20494368585702194,FAST_SWIRL_LOCKED,True,True
-0.5,975ee4bf66af9bb0,ad17269d4bd9a76c,TWIST_5_2,CLOSED,SYMMETRIC_CONTROL,-0.37,0.05,twist,1,2,P00043,gaussian,INDETERMINATE,1.0111032591819482e-18,0.011534792162619217,nan,nan,nan,False,False,nan,nan,0.21640371201991038,False,False,False,False,nan,nan,nan,nan,1.0111032591819482e-18,-1.3922347004826376,1.3922347004826376,4.513021622720244,1.414565733942158,-0.022331033459520366,281.365630416038,-0.5631749553832741,nan,nan,nan,1.3207793553866565,1.0541008949031179,0.01690746707119978,FAST_SWIRL_LOCKED,True,True
0.0,b7e539f828c0fab3,e18cbec8d45d2264,TWIST_5_2,CLOSED,SYMMETRIC_CONTROL,0.37,0.05,twist,1,1,P00044,gaussian,INDETERMINATE,nan,nan,nan,nan,nan,False,False,nan,nan,nan,False,False,False,False,nan,nan,nan,nan,nan,nan,nan,nan,nan,nan,nan,nan,nan,nan,nan,1.3207793553866565,nan,nan,OTHER_BRANCH,True,False
0.0,6b86b5de0a16b21b,160f39365c03a29e,TWIST_5_2,CLOSED,SYMMETRIC_CONTROL,-0.37,0.05,twist,1,2,P00045,gaussian,INDETERMINATE,0.0,0.0,nan,nan,nan,False,False,nan,nan,0.2901073313241761,False,False,False,False,nan,nan,nan,nan,-5.432285061886227e-19,-1.531144639368854,1.531144639368854,4.103587045682078,1.5252863706415856,0.0058582687272683565,1072.532790777142,nan,nan,nan,nan,1.3207793553866565,1.1592736009419327,0.00443546357942077,OTHER_BRANCH,True,False
0.5,72b5fb04a3f75b46,4508801fa2e25b68,TWIST_5_2,SYMMETRIC_CONTROL,CLOSED,0.37,0.05,twist,1,1,P00046,gaussian,CLOSED,9.535719922294278e-20,7.44306811876717e-20,nan,nan,nan,False,False,-0.0653699111015703,0.04542806923409204,0.8674069384744022,True,False,True,True,0.0003252281268985278,0.05,2.4349079844504574e-08,606.9888975313156,9.535719922294278e-20,-1.0281399307670434,1.0281399307670434,6.11121610897071,1.3111883246548206,-0.28304839388777725,22.198272249058363,0.08212517999965026,3885.9725590123426,3709.440328559748,-0.0653699111015703,1.3207793553866565,0.7784342831933928,0.21430407185984157,FAST_SWIRL_LOCKED,True,True
0.5,0e5958a3586d744b,b16a9e3089bf6a0f,TWIST_5_2,SYMMETRIC_CONTROL,CLOSED,-0.37,0.05,twist,1,2,P00047,gaussian,INDETERMINATE,9.871155023774818e-19,4.615255243338556e-18,nan,nan,nan,False,False,nan,nan,0.2306726929726037,False,False,False,False,nan,nan,nan,nan,9.871155023774818e-19,-1.5549166461116417,1.5549166461116417,4.0408502429322235,1.5541838370192642,0.0007328090923774955,8574.109372462452,nan,nan,nan,nan,1.3207793553866565,1.1772720702894708,0.0005548308196890059,OTHER_BRANCH,True,False
0.75,12bf3a510ab5c07f,89e34270a877905b,TWIST_5_2,CLOSED,SYMMETRIC_CONTROL,-0.37,0.05,twist,1,1,P00048,gaussian,CLOSED,0.0,0.00010245117601636416,nan,nan,nan,False,False,-0.46032805532057597,0.04375010426053172,0.988852338200788,True,False,True,True,0.0003636932854910576,0.05,8.992636557938735e-08,337.98152931532553,-4.755949202586767e-20,-1.0294067727649514,1.0294067727649514,6.103695325709938,1.310742170542162,-0.2813353977772106,22.333433179123936,0.14793183720732345,2157.319221523135,2062.936280658249,-0.46032805532057597,1.3207793553866565,0.7793934456702603,0.21300711328490596,FAST_SWIRL_LOCKED,True,True
0.75,520710fe6a7017c1,4f1c4e2e0a6fe68c,TWIST_5_2,SYMMETRIC_CONTROL,CLOSED,0.37,0.05,twist,1,2,P00049,gaussian,INDETERMINATE,0.0,1.883142605782486e-20,nan,nan,nan,False,False,nan,nan,0.1979041175953556,False,False,False,False,nan,nan,nan,nan,-4.67382917798941e-19,-1.5641813446693873,1.5641813446693873,4.016916151437434,1.5675380890933028,-0.0033567444239155364,1871.8092632892347,nan,nan,nan,nan,1.3207793553866565,1.1842866397707097,0.002541487652896311,OTHER_BRANCH,True,False
1.0,4a3bb1be60b5658f,8d1f7368a8376a09,TWIST_5_2,SYMMETRIC_CONTROL,CLOSED,0.37,0.05,twist,1,1,P00050,gaussian,CLOSED,0.0,0.0,nan,nan,nan,False,False,-1.2979875590673962,0.058991278262121916,0.9390885634130653,True,False,True,True,0.0006273678751071268,0.05,3.9811285562987275e-07,224.1052891458278,-3.1678899384152955e-19,-1.030762107885734,1.030762107885734,6.0956696594789,1.3124690627512692,-0.2817069548655351,22.3039765211998,0.21983466842898436,1451.7100426572813,1366.0718115749687,-1.2979875590673962,1.3207793553866565,0.7804196088331345,0.21328842983244975,FAST_SWIRL_LOCKED,True,True
1.0,b7745bac1812c1f7,3e458cf51768b780,TWIST_5_2,CLOSED,SYMMETRIC_CONTROL,-0.37,0.05,twist,1,2,P00051,gaussian,INDETERMINATE,nan,nan,nan,nan,nan,False,False,nan,nan,nan,False,False,False,False,nan,nan,nan,nan,nan,nan,nan,nan,nan,nan,nan,nan,nan,nan,nan,1.3207793553866565,nan,nan,OTHER_BRANCH,True,False
1.5,a9096882f32f4481,4b58a30fd27fc8bb,TWIST_5_2,CLOSED,SYMMETRIC_CONTROL,0.37,0.05,twist,1,1,P00052,gaussian,CLOSED,9.869125535943735e-21,0.00010893502109508376,nan,nan,nan,False,False,0.5588818011333387,0.1643385425670042,0.7069587256638947,True,False,True,True,0.0012264063976949403,0.05,1.6813517184159077e-06,115.96371828755426,9.869125535943735e-21,-1.0337013310721668,1.0337013310721668,6.0783372511115905,1.3190240387162746,-0.28532270764410783,22.02132931885956,0.37835502897600853,843.4834254649926,704.8665886446514,0.5588818011333387,1.3207793553866565,0.7826449791604685,0.21602602015276046,FAST_SWIRL_LOCKED,True,True
1.5,00dc86e63d0aac0c,2cfe4aaa6b770ca2,TWIST_5_2,CLOSED,SYMMETRIC_CONTROL,0.37,0.05,twist,1,2,P00053,gaussian,INDETERMINATE,nan,nan,nan,nan,nan,False,False,nan,nan,nan,False,False,False,False,nan,nan,nan,nan,nan,nan,nan,nan,nan,nan,nan,nan,nan,nan,nan,1.3207793553866565,nan,nan,OTHER_BRANCH,True,False
-1.5,d1087fb3e85603b8,adf97ff147185462,TWIST_7_2,SYMMETRIC_CONTROL,CLOSED,-0.37,0.05,twist,1,1,P00054,gaussian,INDETERMINATE,0.0,2.795320656754268e-19,nan,nan,nan,False,False,nan,nan,0.4910699825899601,False,False,False,False,nan,nan,nan,nan,-2.73034632480428e-19,-0.9767175236143365,0.9767175236143365,6.432960559495956,1.235016244556383,-0.25829872094204653,24.32526682386987,0.0036801072588831894,nan,nan,nan,1.3207793553866565,0.739500901214801,0.1955653833387106,OTHER_BRANCH,True,True
-1.5,f95b0f507e0d5aef,5a6a12a3afb03adc,TWIST_7_2,CLOSED,SYMMETRIC_CONTROL,-0.37,0.05,twist,1,2,P00055,gaussian,INDETERMINATE,nan,nan,nan,nan,nan,False,False,nan,nan,nan,False,False,False,False,nan,nan,nan,nan,nan,nan,nan,nan,nan,nan,nan,nan,nan,nan,nan,1.3207793553866565,nan,nan,OTHER_BRANCH,True,False
-1.0,f9fe74752398d266,2af384bdcd0d250d,TWIST_7_2,SYMMETRIC_CONTROL,CLOSED,-0.37,0.05,twist,1,1,P00056,gaussian,INDETERMINATE,0.0,0.0,nan,nan,nan,False,False,nan,nan,0.8272632794717963,False,False,False,False,nan,nan,nan,nan,0.0,-0.9769389692589798,0.9769389692589798,6.431502381305824,1.2551506337990932,-0.27821166454011337,22.584190772754816,0.007891212864409417,nan,nan,nan,1.3207793553866565,0.7396685640751722,0.21064204509667495,OTHER_BRANCH,True,True
-1.0,d59557a0af2531a1,f24a6711457211f6,TWIST_7_2,CLOSED,SYMMETRIC_CONTROL,0.37,0.05,twist,1,2,P00057,gaussian,CLOSED,0.006902533912836747,0.007465088558627536,0.9246420336754114,-0.07834860699108355,-0.03914888139252998,False,True,-1.9449331046437042,0.33798857861799547,0.20429715998463838,True,True,True,False,2.9880144379616067,0.05,0.0016158332111798931,370.36315141857966,0.006902533912836747,-1.5457900600672478,1.5457900600672478,4.064708054149503,1.5215166141506804,0.024227827417878656,259.33754598825396,0.12171551714550666,2793.3199106030106,1849.209684392953,-1.9449331046437042,1.3207793553866565,1.170362069760486,0.018343584277773627,FAST_SWIRL_LOCKED,True,True
-0.75,8b1e446a6a298049,6c7d06d1caf32aa3,TWIST_7_2,CLOSED,SYMMETRIC_CONTROL,0.37,0.05,twist,1,1,P00058,gaussian,INDETERMINATE,0.0,0.0,nan,nan,nan,False,False,nan,nan,0.9800801924719357,False,False,False,False,nan,nan,nan,nan,0.0,-0.977154728638592,0.977154728638592,6.430082281783103,1.2673792894650118,-0.2902245608264198,21.649392075185162,0.017635607463917742,nan,nan,nan,1.3207793553866565,0.7398319217009045,0.2197373540423464,OTHER_BRANCH,True,True
-0.75,51c8618f4e7bbdd4,80569f5b4e04d1b3,TWIST_7_2,CLOSED,SYMMETRIC_CONTROL,-0.37,0.05,twist,1,2,P00059,gaussian,INDETERMINATE,0.007795610066966604,0.0,nan,nan,nan,False,False,nan,nan,0.26366005698168204,False,False,False,False,nan,nan,nan,nan,0.007795610066966604,-1.558948490827885,1.558948490827885,4.030399557231605,1.526931200763789,0.03201729006409615,196.2435076360658,nan,nan,nan,nan,1.3207793553866565,1.1803246957713878,0.024241210262347816,OTHER_BRANCH,True,False
-0.5,3db07bdae3db83e2,0a3be4cba46a4b81,TWIST_7_2,CLOSED,SYMMETRIC_CONTROL,0.37,0.05,twist,1,1,P00060,gaussian,INDETERMINATE,0.0,7.124246338694341e-21,nan,nan,nan,False,False,nan,nan,0.8405732086291715,False,False,False,False,nan,nan,nan,nan,-5.6218415513864785e-21,-1.0329039460922298,1.0329039460922298,6.0830296282153515,1.3043094853931945,-0.2714055393009648,23.150541891527453,nan,nan,nan,nan,1.3207793553866565,0.7820412560808452,0.20548893211728855,OTHER_BRANCH,True,False
-0.5,b5e670e26cfa3586,395f916f807816a0,TWIST_7_2,SYMMETRIC_CONTROL,CLOSED,-0.37,0.05,twist,1,2,P00061,gaussian,INDETERMINATE,0.006024305402679259,0.007134979197858823,nan,nan,nan,False,False,nan,nan,0.37838837702782063,False,False,False,False,nan,nan,nan,nan,0.006024305402679259,-1.5673699984899427,1.5673699984899427,4.008744146712658,1.5196889543353358,0.047681044154606944,131.77532955876984,nan,nan,nan,nan,1.3207793553866565,1.186700861198044,0.036100688551910606,OTHER_BRANCH,True,False
0.0,52a69e2ba03d2923,91f1792f6ebce486,TWIST_7_2,SYMMETRIC_CONTROL,CLOSED,0.37,0.05,twist,1,1,P00062,gaussian,INDETERMINATE,nan,nan,nan,nan,nan,False,False,nan,nan,nan,False,False,False,False,nan,nan,nan,nan,nan,nan,nan,nan,nan,nan,nan,nan,nan,nan,nan,1.3207793553866565,nan,nan,OTHER_BRANCH,True,False
0.0,cea50ad4f940ad3c,051b86834e806e03,TWIST_7_2,CLOSED,SYMMETRIC_CONTROL,0.37,0.05,twist,1,2,P00063,gaussian,INDETERMINATE,3.8086699745733964e-18,nan,nan,nan,nan,False,False,nan,nan,0.9687376591120893,False,False,False,False,nan,nan,nan,nan,3.8086699745733964e-18,-1.5846842910473367,1.5846842910473367,3.9649445272325847,1.3134436411220332,0.2712406499253034,23.164615292397745,nan,nan,nan,nan,1.3207793553866565,1.1998100095859103,0.20536408963319844,OTHER_BRANCH,True,False
0.5,8068d053f23ad38f,310039b5f01bffc6,TWIST_7_2,CLOSED,SYMMETRIC_CONTROL,-0.37,0.05,twist,1,1,P00064,gaussian,INDETERMINATE,0.0,0.0,nan,nan,nan,False,False,nan,nan,0.8178798290752886,False,False,False,False,nan,nan,nan,nan,0.0,-0.9790363754926155,0.9790363754926155,6.417724064663191,1.2894638291663911,-0.31042745367377567,20.240430518695383,-0.0194794070801845,nan,nan,nan,1.3207793553866565,0.7412565705995637,0.23503354470807764,OTHER_BRANCH,True,True
0.5,04fd820666a3575f,9a0c2455551dcc2c,TWIST_7_2,SYMMETRIC_CONTROL,CLOSED,0.37,0.05,twist,1,2,P00065,gaussian,INDETERMINATE,0.0,0.0,nan,nan,nan,False,False,nan,nan,0.2173185024235349,False,False,False,False,nan,nan,nan,nan,-1.0372309131904423e-17,-1.6045147705052965,1.6045147705052965,3.915941082425109,1.5776110455046632,0.026903725000633316,233.54332186459976,nan,nan,nan,nan,1.3207793553866565,1.2148242353739522,0.020369583224411684,OTHER_BRANCH,True,False
0.75,89c01f20be9827e3,1a0508afdd09175f,TWIST_7_2,SYMMETRIC_CONTROL,CLOSED,-0.37,0.05,twist,1,1,P00066,gaussian,INDETERMINATE,0.0,0.0,nan,nan,nan,False,False,nan,nan,0.9848771694581702,False,False,False,False,nan,nan,nan,nan,0.0,-0.9795433168284773,0.9795433168284773,6.414402711176684,1.285895388139165,-0.30635207131068776,20.509687694611593,-0.017908343223036943,nan,nan,nan,1.3207793553866565,0.7416403904509222,0.23194795562276455,OTHER_BRANCH,True,True
0.75,3fbda5f5d3f57709,726cb2c1b09b329a,TWIST_7_2,CLOSED,SYMMETRIC_CONTROL,0.37,0.05,twist,1,2,P00067,gaussian,INDETERMINATE,nan,nan,nan,nan,nan,False,False,nan,nan,nan,False,False,False,False,nan,nan,nan,nan,nan,nan,nan,nan,nan,nan,nan,nan,nan,nan,nan,1.3207793553866565,nan,nan,OTHER_BRANCH,True,False
1.0,cfdbbe1a0b05e876,e24092e4b162345d,TWIST_7_2,SYMMETRIC_CONTROL,CLOSED,0.37,0.05,twist,1,1,P00068,gaussian,INDETERMINATE,0.0,0.0,nan,nan,nan,False,False,nan,nan,0.8741692719562003,False,False,False,False,nan,nan,nan,nan,0.0,-0.9800863242122246,0.9800863242122246,6.410848873164203,1.2845300092368783,-0.3044436850246537,20.63825139506762,-0.016202838792829414,nan,nan,nan,1.3207793553866565,0.7420515169434229,0.2305030615318243,OTHER_BRANCH,True,True
1.0,7873d923d840ff8a,0dd29196d8a94d31,TWIST_7_2,SYMMETRIC_CONTROL,CLOSED,0.37,0.05,twist,1,2,P00069,gaussian,INDETERMINATE,nan,nan,nan,nan,nan,False,False,nan,nan,nan,False,False,False,False,nan,nan,nan,nan,nan,nan,nan,nan,nan,nan,nan,nan,nan,nan,nan,1.3207793553866565,nan,nan,OTHER_BRANCH,True,False
1.5,7097043d1b97d5cf,fc023275e6296d20,TWIST_7_2,SYMMETRIC_CONTROL,CLOSED,-0.37,0.05,twist,1,1,P00070,gaussian,INDETERMINATE,0.0,0.0,nan,nan,nan,False,False,nan,nan,0.6043191117719784,False,False,False,False,nan,nan,nan,nan,0.0,-0.9812709833201675,0.9812709833201675,6.4031092470707645,1.286292980341091,-0.3050219970209235,20.599121927421454,-0.01163069060270913,nan,nan,nan,1.3207793553866565,0.7429484563929315,0.2309409181608753,OTHER_BRANCH,True,True
1.5,1abebdcaa063c426,8d9e62243b5db138,TWIST_7_2,SYMMETRIC_CONTROL,CLOSED,-0.37,0.05,twist,1,2,P00071,gaussian,INDETERMINATE,nan,nan,nan,nan,nan,False,False,nan,nan,nan,False,False,False,False,nan,nan,nan,nan,nan,nan,nan,nan,nan,nan,nan,nan,nan,nan,nan,1.3207793553866565,nan,nan,OTHER_BRANCH,True,False
