stage,family,candidate,file,n,sha256_geometry,length,rg,mean_turn,max_turn,min_nonlocal_point_distance
extended,mechforce,mechforce__off,C:\workspace\projects\SST-Workbench\KnotPlot\KnotPlot_3p1_Comprehensive_Dynamics_Parameter_Atlas_v0.3.2\out\extended\mechforce__off_i01000.txt,300,8ebf16b71b8aede9f66e3f2497797833eda0a15f65df0ab4b4ae4ef9b269d3c9,859.5961790103312,25.058419835776924,1.030575969079292,1.529284045378652,3.7694042166589132
extended,mechforce,mechforce__on,C:\workspace\projects\SST-Workbench\KnotPlot\KnotPlot_3p1_Comprehensive_Dynamics_Parameter_Atlas_v0.3.2\out\extended\mechforce__on_i01000.txt,300,8916df1819f3b7a18253a8295c27e6d531cf3e67a2378fa836a12986ccecb167,329.979214700305,24.94772235323431,0.05226358242143661,0.06976063461549506,4.37166212339769
extended,elecforce,elecforce__off,C:\workspace\projects\SST-Workbench\KnotPlot\KnotPlot_3p1_Comprehensive_Dynamics_Parameter_Atlas_v0.3.2\out\extended\elecforce__off_i01000.txt,300,381c191f16928298b9aa9c15ca07383c9b541a826223d236d9fc292a25a11d7d,290.499109634655,22.64544923310197,0.04748428061481121,0.058695108462382524,3.749098549864754
extended,elecforce,elecforce__on,C:\workspace\projects\SST-Workbench\KnotPlot\KnotPlot_3p1_Comprehensive_Dynamics_Parameter_Atlas_v0.3.2\out\extended\elecforce__on_i01000.txt,300,8916df1819f3b7a18253a8295c27e6d531cf3e67a2378fa836a12986ccecb167,329.979214700305,24.94772235323431,0.05226358242143661,0.06976063461549506,4.37166212339769
extended,bendforce,bendforce__off,C:\workspace\projects\SST-Workbench\KnotPlot\KnotPlot_3p1_Comprehensive_Dynamics_Parameter_Atlas_v0.3.2\out\extended\bendforce__off_i01000.txt,300,8916df1819f3b7a18253a8295c27e6d531cf3e67a2378fa836a12986ccecb167,329.979214700305,24.94772235323431,0.05226358242143661,0.06976063461549506,4.37166212339769
extended,bendforce,bendforce__on,C:\workspace\projects\SST-Workbench\KnotPlot\KnotPlot_3p1_Comprehensive_Dynamics_Parameter_Atlas_v0.3.2\out\extended\bendforce__on_i01000.txt,300,5ee3a4e39a509afbe88bd772b82100faffb0026458ca8d0b3cc2f1cf554302da,329.9794602421399,24.947750856914087,0.05226019629203507,0.06968744479206823,4.371672035068733
extended,charge,charge__15,C:\workspace\projects\SST-Workbench\KnotPlot\KnotPlot_3p1_Comprehensive_Dynamics_Parameter_Atlas_v0.3.2\out\extended\charge__15_i01000.txt,300,8916df1819f3b7a18253a8295c27e6d531cf3e67a2378fa836a12986ccecb167,329.979214700305,24.94772235323431,0.05226358242143661,0.06976063461549506,4.37166212339769
extended,charge,charge__30,C:\workspace\projects\SST-Workbench\KnotPlot\KnotPlot_3p1_Comprehensive_Dynamics_Parameter_Atlas_v0.3.2\out\extended\charge__30_i01000.txt,300,05432632cea4ec4dd0afe4a42e2275798d4fa5527f47dc131967fc6fce3add72,355.01552501488624,25.716863046468394,0.1560724801989159,0.4418139717580505,4.355405082453984
extended,charge,charge__3p75,C:\workspace\projects\SST-Workbench\KnotPlot\KnotPlot_3p1_Comprehensive_Dynamics_Parameter_Atlas_v0.3.2\out\extended\charge__3p75_i01000.txt,300,81ed7a259a8746b68093cbb292382b19b5da3209a72313767bdd4092f47ce476,303.1246167389812,23.38976435989346,0.04803379061645292,0.059463314367948994,3.9820600602985636
extended,charge,charge__60,C:\workspace\projects\SST-Workbench\KnotPlot\KnotPlot_3p1_Comprehensive_Dynamics_Parameter_Atlas_v0.3.2\out\extended\charge__60_i01000.txt,300,5f508539a440b836ea9a531e2818a00cfd2aae32f168b21c7357ba8f766b0b6a,389.53720572045904,26.315303321208297,0.2723401336658071,0.4665660243907305,4.708453232626401
extended,charge,charge__7p5,C:\workspace\projects\SST-Workbench\KnotPlot\KnotPlot_3p1_Comprehensive_Dynamics_Parameter_Atlas_v0.3.2\out\extended\charge__7p5_i01000.txt,300,a7e01ff9babb305ca690138acff667bfc2de8adf7e8e5f4fd8eca0e5f8dc5009,313.394153257452,23.996486180154477,0.048628999100836665,0.05954385523582886,4.154677970352095
extended,hooke,hooke__0p25,C:\workspace\projects\SST-Workbench\KnotPlot\KnotPlot_3p1_Comprehensive_Dynamics_Parameter_Atlas_v0.3.2\out\extended\hooke__0p25_i01000.txt,300,e3b21c08c6f0cb50774843c5b310b59dbd060074639aa75563bc155c9dd01cd6,390.8323462192345,25.103912740723477,0.48250827666484525,0.6624323989547216,4.281184005871856
extended,hooke,hooke__0p5,C:\workspace\projects\SST-Workbench\KnotPlot\KnotPlot_3p1_Comprehensive_Dynamics_Parameter_Atlas_v0.3.2\out\extended\hooke__0p5_i01000.txt,300,45aafc35ec4e6fed55f65822faa8cff8f77e870ff36ccc58bea6c6b92ab68e39,353.46335311884,25.16825498137209,0.27980151610145715,0.4731617526366051,4.292780062756303
extended,hooke,hooke__1,C:\workspace\projects\SST-Workbench\KnotPlot\KnotPlot_3p1_Comprehensive_Dynamics_Parameter_Atlas_v0.3.2\out\extended\hooke__1_i01000.txt,300,8916df1819f3b7a18253a8295c27e6d531cf3e67a2378fa836a12986ccecb167,329.979214700305,24.94772235323431,0.05226358242143661,0.06976063461549506,4.37166212339769
extended,hooke,hooke__2,C:\workspace\projects\SST-Workbench\KnotPlot\KnotPlot_3p1_Comprehensive_Dynamics_Parameter_Atlas_v0.3.2\out\extended\hooke__2_i01000.txt,300,90a10afd2042635e4a1e13787f45d3a1f7cff792117a6d8e4ffc0ae531bf9abb,310.7154958263892,23.831656159981158,0.04842095127885757,0.05978972315929984,4.124446923967988
extended,hooke,hooke__4,C:\workspace\projects\SST-Workbench\KnotPlot\KnotPlot_3p1_Comprehensive_Dynamics_Parameter_Atlas_v0.3.2\out\extended\hooke__4_i01000.txt,300,0124323833de5c227050637dcb5789d4b3c215b588ef05fa8773ce2f48415a3b,286.518947126275,22.316505800673152,0.04717226316306533,0.060951335132285525,3.7920143467812726
extended,power,power__3,C:\workspace\projects\SST-Workbench\KnotPlot\KnotPlot_3p1_Comprehensive_Dynamics_Parameter_Atlas_v0.3.2\out\extended\power__3_i01000.txt,300,be3ba6b2c8b518eac6f44a667bd22db8be9b7d54faceff72891b764d1163ef4a,477.9457577346419,32.87549273957024,0.07131499442080982,0.16173072013038114,6.244232835670846
extended,power,power__4,C:\workspace\projects\SST-Workbench\KnotPlot\KnotPlot_3p1_Comprehensive_Dynamics_Parameter_Atlas_v0.3.2\out\extended\power__4_i01000.txt,300,918e615db508c6b56077d65b9ab72852be5d832cd0f2cda0a0de8c3cba8aba10,372.69765601821223,26.60206500820079,0.13461757737116214,0.4143702110083503,4.594594741243127
extended,power,power__5,C:\workspace\projects\SST-Workbench\KnotPlot\KnotPlot_3p1_Comprehensive_Dynamics_Parameter_Atlas_v0.3.2\out\extended\power__5_i01000.txt,300,8916df1819f3b7a18253a8295c27e6d531cf3e67a2378fa836a12986ccecb167,329.979214700305,24.94772235323431,0.05226358242143661,0.06976063461549506,4.37166212339769
extended,power,power__6,C:\workspace\projects\SST-Workbench\KnotPlot\KnotPlot_3p1_Comprehensive_Dynamics_Parameter_Atlas_v0.3.2\out\extended\power__6_i01000.txt,300,39fca2e37779dd57d4ff10a9d7ed9090e20151ae39088fe0fb9fffbbd5b1893a,310.61594120435393,23.831502870405114,0.04844402346740498,0.05957966868630501,4.111338050248605
extended,power,power__7,C:\workspace\projects\SST-Workbench\KnotPlot\KnotPlot_3p1_Comprehensive_Dynamics_Parameter_Atlas_v0.3.2\out\extended\power__7_i01000.txt,300,7f94351fd7237d9374c4e1baf35ef4e282e492797846a9ba7caeae6986f2b6ea,300.86690353798423,23.252552669906976,0.047912521827300304,0.05949650802532287,3.946574763072404
extended,tinc,tinc__15,C:\workspace\projects\SST-Workbench\KnotPlot\KnotPlot_3p1_Comprehensive_Dynamics_Parameter_Atlas_v0.3.2\out\extended\tinc__15_i01000.txt,300,8916df1819f3b7a18253a8295c27e6d531cf3e67a2378fa836a12986ccecb167,329.979214700305,24.94772235323431,0.05226358242143661,0.06976063461549506,4.37166212339769
extended,tinc,tinc__30,C:\workspace\projects\SST-Workbench\KnotPlot\KnotPlot_3p1_Comprehensive_Dynamics_Parameter_Atlas_v0.3.2\out\extended\tinc__30_i01000.txt,300,752a67b81af6840f0fe3b758a94cfea156506513fc088bbcdeb15fd2d93d3027,333.8314220540867,25.170252961779124,0.051481320097334825,0.06092386027447458,4.436749560337387
extended,tinc,tinc__3p75,C:\workspace\projects\SST-Workbench\KnotPlot\KnotPlot_3p1_Comprehensive_Dynamics_Parameter_Atlas_v0.3.2\out\extended\tinc__3p75_i01000.txt,300,c97b6b066e0d8bfb7a3de9d48e0bff3fe41a41a458ae98cb4df7aef86de2e085,323.3514686150554,24.551882138616367,0.054250766121107255,0.12670094205240287,4.279302871481172
extended,tinc,tinc__60,C:\workspace\projects\SST-Workbench\KnotPlot\KnotPlot_3p1_Comprehensive_Dynamics_Parameter_Atlas_v0.3.2\out\extended\tinc__60_i01000.txt,300,0146bf91409a52969a29d965009c7851b7c8ce9521928ea2a56dbee12ccd8ac0,335.31246335194214,25.15760244747451,0.05712367030393615,0.0918758285820266,4.282573515352071
extended,tinc,tinc__7p5,C:\workspace\projects\SST-Workbench\KnotPlot\KnotPlot_3p1_Comprehensive_Dynamics_Parameter_Atlas_v0.3.2\out\extended\tinc__7p5_i01000.txt,300,ed39508e1e5b4f3023f9043fc5fd8ae8b1fbb0795b177969f4a70eca107d08f2,326.0586352216438,24.718606314727317,0.05350440202223801,0.09520491669362217,4.314358976190206
extended,bencon,bencon__0p25,C:\workspace\projects\SST-Workbench\KnotPlot\KnotPlot_3p1_Comprehensive_Dynamics_Parameter_Atlas_v0.3.2\out\extended\bencon__0p25_i01000.txt,300,685b51a586d208507df5d4fd15804f8bc072e5f11dd982c855939a3138766347,329.9792741087425,24.947729319464255,0.05226273856731796,0.06974244230345628,4.371665137273095
extended,bencon,bencon__0p5,C:\workspace\projects\SST-Workbench\KnotPlot\KnotPlot_3p1_Comprehensive_Dynamics_Parameter_Atlas_v0.3.2\out\extended\bencon__0p5_i01000.txt,300,3e05dcdb586d84a12c5e0565c170a0c550fa46ba07a078ab3bcff1a8febf9346,329.9793343589864,24.947736351111885,0.05226191022819234,0.06972468069144766,4.371667308319561
extended,bencon,bencon__1,C:\workspace\projects\SST-Workbench\KnotPlot\KnotPlot_3p1_Comprehensive_Dynamics_Parameter_Atlas_v0.3.2\out\extended\bencon__1_i01000.txt,300,5ee3a4e39a509afbe88bd772b82100faffb0026458ca8d0b3cc2f1cf554302da,329.9794602421399,24.947750856914087,0.05226019629203507,0.06968744479206823,4.371672035068733
extended,bencon,bencon__2,C:\workspace\projects\SST-Workbench\KnotPlot\KnotPlot_3p1_Comprehensive_Dynamics_Parameter_Atlas_v0.3.2\out\extended\bencon__2_i01000.txt,300,368d57f9ccd0abe807770585ce2d95f8a9a510dfc4a489b6909a7014a54ed010,329.9797156357354,24.947780263189088,0.05225665558068622,0.0696149281591667,4.371682649566984
extended,bencon,bencon__4,C:\workspace\projects\SST-Workbench\KnotPlot\KnotPlot_3p1_Comprehensive_Dynamics_Parameter_Atlas_v0.3.2\out\extended\bencon__4_i01000.txt,300,e56142bb2fbd876c374c633921f961108941ee1205f66694e694a56fd55874c7,329.9802794622865,24.947843672622298,0.052249205106306124,0.06945205333265425,4.3717045800494105
extended,bangle,bangle__10,C:\workspace\projects\SST-Workbench\KnotPlot\KnotPlot_3p1_Comprehensive_Dynamics_Parameter_Atlas_v0.3.2\out\extended\bangle__10_i01000.txt,300,5ee3a4e39a509afbe88bd772b82100faffb0026458ca8d0b3cc2f1cf554302da,329.9794602421399,24.947750856914087,0.05226019629203507,0.06968744479206823,4.371672035068733
extended,bangle,bangle__20,C:\workspace\projects\SST-Workbench\KnotPlot\KnotPlot_3p1_Comprehensive_Dynamics_Parameter_Atlas_v0.3.2\out\extended\bangle__20_i01000.txt,300,5ee3a4e39a509afbe88bd772b82100faffb0026458ca8d0b3cc2f1cf554302da,329.9794602421399,24.947750856914087,0.05226019629203507,0.06968744479206823,4.371672035068733
extended,bangle,bangle__30,C:\workspace\projects\SST-Workbench\KnotPlot\KnotPlot_3p1_Comprehensive_Dynamics_Parameter_Atlas_v0.3.2\out\extended\bangle__30_i01000.txt,300,5ee3a4e39a509afbe88bd772b82100faffb0026458ca8d0b3cc2f1cf554302da,329.9794602421399,24.947750856914087,0.05226019629203507,0.06968744479206823,4.371672035068733
extended,bangle,bangle__45,C:\workspace\projects\SST-Workbench\KnotPlot\KnotPlot_3p1_Comprehensive_Dynamics_Parameter_Atlas_v0.3.2\out\extended\bangle__45_i01000.txt,300,5ee3a4e39a509afbe88bd772b82100faffb0026458ca8d0b3cc2f1cf554302da,329.9794602421399,24.947750856914087,0.05226019629203507,0.06968744479206823,4.371672035068733
extended,bangle,bangle__60,C:\workspace\projects\SST-Workbench\KnotPlot\KnotPlot_3p1_Comprehensive_Dynamics_Parameter_Atlas_v0.3.2\out\extended\bangle__60_i01000.txt,300,5ee3a4e39a509afbe88bd772b82100faffb0026458ca8d0b3cc2f1cf554302da,329.9794602421399,24.947750856914087,0.05226019629203507,0.06968744479206823,4.371672035068733
extended,close,close__0p03,C:\workspace\projects\SST-Workbench\KnotPlot\KnotPlot_3p1_Comprehensive_Dynamics_Parameter_Atlas_v0.3.2\out\extended\close__0p03_i01000.txt,300,8916df1819f3b7a18253a8295c27e6d531cf3e67a2378fa836a12986ccecb167,329.979214700305,24.94772235323431,0.05226358242143661,0.06976063461549506,4.37166212339769
extended,close,close__0p06,C:\workspace\projects\SST-Workbench\KnotPlot\KnotPlot_3p1_Comprehensive_Dynamics_Parameter_Atlas_v0.3.2\out\extended\close__0p06_i01000.txt,300,8916df1819f3b7a18253a8295c27e6d531cf3e67a2378fa836a12986ccecb167,329.979214700305,24.94772235323431,0.05226358242143661,0.06976063461549506,4.37166212339769
extended,close,close__0p12,C:\workspace\projects\SST-Workbench\KnotPlot\KnotPlot_3p1_Comprehensive_Dynamics_Parameter_Atlas_v0.3.2\out\extended\close__0p12_i01000.txt,300,8916df1819f3b7a18253a8295c27e6d531cf3e67a2378fa836a12986ccecb167,329.979214700305,24.94772235323431,0.05226358242143661,0.06976063461549506,4.37166212339769
extended,close,close__0p24,C:\workspace\projects\SST-Workbench\KnotPlot\KnotPlot_3p1_Comprehensive_Dynamics_Parameter_Atlas_v0.3.2\out\extended\close__0p24_i01000.txt,300,8916df1819f3b7a18253a8295c27e6d531cf3e67a2378fa836a12986ccecb167,329.979214700305,24.94772235323431,0.05226358242143661,0.06976063461549506,4.37166212339769
extended,close,close__0p48,C:\workspace\projects\SST-Workbench\KnotPlot\KnotPlot_3p1_Comprehensive_Dynamics_Parameter_Atlas_v0.3.2\out\extended\close__0p48_i01000.txt,300,8916df1819f3b7a18253a8295c27e6d531cf3e67a2378fa836a12986ccecb167,329.979214700305,24.94772235323431,0.05226358242143661,0.06976063461549506,4.37166212339769
extended,max-dr,max-dr__0p025,C:\workspace\projects\SST-Workbench\KnotPlot\KnotPlot_3p1_Comprehensive_Dynamics_Parameter_Atlas_v0.3.2\out\extended\max-dr__0p025_i01000.txt,300,8916df1819f3b7a18253a8295c27e6d531cf3e67a2378fa836a12986ccecb167,329.979214700305,24.94772235323431,0.05226358242143661,0.06976063461549506,4.37166212339769
extended,max-dr,max-dr__0p05,C:\workspace\projects\SST-Workbench\KnotPlot\KnotPlot_3p1_Comprehensive_Dynamics_Parameter_Atlas_v0.3.2\out\extended\max-dr__0p05_i01000.txt,300,8916df1819f3b7a18253a8295c27e6d531cf3e67a2378fa836a12986ccecb167,329.979214700305,24.94772235323431,0.05226358242143661,0.06976063461549506,4.37166212339769
extended,max-dr,max-dr__0p1,C:\workspace\projects\SST-Workbench\KnotPlot\KnotPlot_3p1_Comprehensive_Dynamics_Parameter_Atlas_v0.3.2\out\extended\max-dr__0p1_i01000.txt,300,8916df1819f3b7a18253a8295c27e6d531cf3e67a2378fa836a12986ccecb167,329.979214700305,24.94772235323431,0.05226358242143661,0.06976063461549506,4.37166212339769
extended,max-dr,max-dr__0p2,C:\workspace\projects\SST-Workbench\KnotPlot\KnotPlot_3p1_Comprehensive_Dynamics_Parameter_Atlas_v0.3.2\out\extended\max-dr__0p2_i01000.txt,300,8916df1819f3b7a18253a8295c27e6d531cf3e67a2378fa836a12986ccecb167,329.979214700305,24.94772235323431,0.05226358242143661,0.06976063461549506,4.37166212339769
extended,max-dr,max-dr__0p4,C:\workspace\projects\SST-Workbench\KnotPlot\KnotPlot_3p1_Comprehensive_Dynamics_Parameter_Atlas_v0.3.2\out\extended\max-dr__0p4_i01000.txt,300,8916df1819f3b7a18253a8295c27e6d531cf3e67a2378fa836a12986ccecb167,329.979214700305,24.94772235323431,0.05226358242143661,0.06976063461549506,4.37166212339769
extended,dstep,dstep__1,C:\workspace\projects\SST-Workbench\KnotPlot\KnotPlot_3p1_Comprehensive_Dynamics_Parameter_Atlas_v0.3.2\out\extended\dstep__1_i01000.txt,300,8916df1819f3b7a18253a8295c27e6d531cf3e67a2378fa836a12986ccecb167,329.979214700305,24.94772235323431,0.05226358242143661,0.06976063461549506,4.37166212339769
extended,dstep,dstep__2,C:\workspace\projects\SST-Workbench\KnotPlot\KnotPlot_3p1_Comprehensive_Dynamics_Parameter_Atlas_v0.3.2\out\extended\dstep__2_i01000.txt,300,8916df1819f3b7a18253a8295c27e6d531cf3e67a2378fa836a12986ccecb167,329.979214700305,24.94772235323431,0.05226358242143661,0.06976063461549506,4.37166212339769
extended,dstep,dstep__4,C:\workspace\projects\SST-Workbench\KnotPlot\KnotPlot_3p1_Comprehensive_Dynamics_Parameter_Atlas_v0.3.2\out\extended\dstep__4_i01000.txt,300,8916df1819f3b7a18253a8295c27e6d531cf3e67a2378fa836a12986ccecb167,329.979214700305,24.94772235323431,0.05226358242143661,0.06976063461549506,4.37166212339769
extended,dstep,dstep__8,C:\workspace\projects\SST-Workbench\KnotPlot\KnotPlot_3p1_Comprehensive_Dynamics_Parameter_Atlas_v0.3.2\out\extended\dstep__8_i01000.txt,300,8916df1819f3b7a18253a8295c27e6d531cf3e67a2378fa836a12986ccecb167,329.979214700305,24.94772235323431,0.05226358242143661,0.06976063461549506,4.37166212339769
extended,thermalforce,thermalforce__off,C:\workspace\projects\SST-Workbench\KnotPlot\KnotPlot_3p1_Comprehensive_Dynamics_Parameter_Atlas_v0.3.2\out\extended\thermalforce__off_i01000.txt,300,8916df1819f3b7a18253a8295c27e6d531cf3e67a2378fa836a12986ccecb167,329.979214700305,24.94772235323431,0.05226358242143661,0.06976063461549506,4.37166212339769
extended,thermalforce,thermalforce__on,C:\workspace\projects\SST-Workbench\KnotPlot\KnotPlot_3p1_Comprehensive_Dynamics_Parameter_Atlas_v0.3.2\out\extended\thermalforce__on_i01000.txt,300,73eb881ac12cd61cc095aaf37d01c1ec732cc592bc5feb77a2d3c2674539a04b,330.05099803573967,24.942883782523573,0.05653963697267914,0.11662385063800083,4.354742804947498
extended,thfstrength,thfstrength__0p0025,C:\workspace\projects\SST-Workbench\KnotPlot\KnotPlot_3p1_Comprehensive_Dynamics_Parameter_Atlas_v0.3.2\out\extended\thfstrength__0p0025_i01000.txt,300,847d84fa3123d01d6cdc6f099783d08e77779dc7133fbf9b1d564585e793aa50,329.98218123365154,24.94672096335013,0.0528337572736654,0.07754987623528252,4.371177611110992
extended,thfstrength,thfstrength__0p005,C:\workspace\projects\SST-Workbench\KnotPlot\KnotPlot_3p1_Comprehensive_Dynamics_Parameter_Atlas_v0.3.2\out\extended\thfstrength__0p005_i01000.txt,300,29f48592ae2fe17afb4f855a48c4b251e9c468672028af611f985d149eb5ab00,330.0258196129919,24.94668509711972,0.05381341732771247,0.08586530317812449,4.367560902733355
extended,thfstrength,thfstrength__0p01,C:\workspace\projects\SST-Workbench\KnotPlot\KnotPlot_3p1_Comprehensive_Dynamics_Parameter_Atlas_v0.3.2\out\extended\thfstrength__0p01_i01000.txt,300,ad4900a6d46243cb93f0856f79c00dd8bd1d05e116dbdab88acfe45540e869bf,330.11451086572237,24.94250749203218,0.055803004917454616,0.11038927706951975,4.355560925634492
extended,thfstrength,thfstrength__0p02,C:\workspace\projects\SST-Workbench\KnotPlot\KnotPlot_3p1_Comprehensive_Dynamics_Parameter_Atlas_v0.3.2\out\extended\thfstrength__0p02_i01000.txt,300,2ac9b58f5507f3717cead2529ff9b228db6f83b073b59e2123bc20743a77239c,330.61265027162136,24.933464131455843,0.06894169828717045,0.1608701238257802,4.340134522079356
extended,thfstrength,thfstrength__0p04,C:\workspace\projects\SST-Workbench\KnotPlot\KnotPlot_3p1_Comprehensive_Dynamics_Parameter_Atlas_v0.3.2\out\extended\thfstrength__0p04_i01000.txt,300,7c91275a7663e61f7bf81122735c900b2083970105a38afa0c40777ae5bc0b0e,331.38559924138417,24.88515580419616,0.08947760304271114,0.22766901699189301,4.320217488632836
extended,amechforce,amechforce__off,C:\workspace\projects\SST-Workbench\KnotPlot\KnotPlot_3p1_Comprehensive_Dynamics_Parameter_Atlas_v0.3.2\out\extended\amechforce__off_i01000.txt,300,8916df1819f3b7a18253a8295c27e6d531cf3e67a2378fa836a12986ccecb167,329.979214700305,24.94772235323431,0.05226358242143661,0.06976063461549506,4.37166212339769
extended,amechforce,amechforce__on,C:\workspace\projects\SST-Workbench\KnotPlot\KnotPlot_3p1_Comprehensive_Dynamics_Parameter_Atlas_v0.3.2\out\extended\amechforce__on_i01000.txt,300,d3cdf956211a9d30b552309544aa89aa7f975909d7b255e0cfc8757e52dbd686,336.4919291974609,25.14322939972835,0.09242716854543,0.2755871369618864,4.338113886001842
extended,aelecforce,aelecforce__off,C:\workspace\projects\SST-Workbench\KnotPlot\KnotPlot_3p1_Comprehensive_Dynamics_Parameter_Atlas_v0.3.2\out\extended\aelecforce__off_i01000.txt,300,8916df1819f3b7a18253a8295c27e6d531cf3e67a2378fa836a12986ccecb167,329.979214700305,24.94772235323431,0.05226358242143661,0.06976063461549506,4.37166212339769
extended,aelecforce,aelecforce__on,C:\workspace\projects\SST-Workbench\KnotPlot\KnotPlot_3p1_Comprehensive_Dynamics_Parameter_Atlas_v0.3.2\out\extended\aelecforce__on_i01000.txt,300,8916df1819f3b7a18253a8295c27e6d531cf3e67a2378fa836a12986ccecb167,329.979214700305,24.94772235323431,0.05226358242143661,0.06976063461549506,4.37166212339769
extended,amfpower,amfpower__1,C:\workspace\projects\SST-Workbench\KnotPlot\KnotPlot_3p1_Comprehensive_Dynamics_Parameter_Atlas_v0.3.2\out\extended\amfpower__1_i01000.txt,300,8ce97762b3d562cd81b35ede73eedfe07614befb044a1a80518536cf8d7c40b5,372.0985466430793,25.132862379827536,0.40073920213715375,0.5683956052872147,4.3148722210825685
extended,amfpower,amfpower__1p5,C:\workspace\projects\SST-Workbench\KnotPlot\KnotPlot_3p1_Comprehensive_Dynamics_Parameter_Atlas_v0.3.2\out\extended\amfpower__1p5_i01000.txt,300,bf236e1449e1175c06f3ca7a9ebb1fe9f95e4fd96bea81ce74075f7939024adf,343.8402987677218,25.17757923562165,0.1880214106450793,0.39595158756739024,4.297471509969671
extended,amfpower,amfpower__2,C:\workspace\projects\SST-Workbench\KnotPlot\KnotPlot_3p1_Comprehensive_Dynamics_Parameter_Atlas_v0.3.2\out\extended\amfpower__2_i01000.txt,300,d3cdf956211a9d30b552309544aa89aa7f975909d7b255e0cfc8757e52dbd686,336.4919291974609,25.14322939972835,0.09242716854543,0.2755871369618864,4.338113886001842
extended,amfpower,amfpower__3,C:\workspace\projects\SST-Workbench\KnotPlot\KnotPlot_3p1_Comprehensive_Dynamics_Parameter_Atlas_v0.3.2\out\extended\amfpower__3_i01000.txt,300,1029f79091dee2845abb44f7b0e35dacedc002f0372c687baef4d4d5d6ea675c,331.9368139365977,25.033924021714785,0.060857880633300096,0.11873836333592938,4.375999419660154
extended,amfpower,amfpower__4,C:\workspace\projects\SST-Workbench\KnotPlot\KnotPlot_3p1_Comprehensive_Dynamics_Parameter_Atlas_v0.3.2\out\extended\amfpower__4_i01000.txt,300,9117cb9eebe319c1c940c43954114f1c2d84efa57900602f90ec6b89f07c6f0b,330.5759621189337,24.977281236840295,0.054027319419888094,0.08057363992194476,4.375546779140294
extended,aelmag,aelmag__0p025,C:\workspace\projects\SST-Workbench\KnotPlot\KnotPlot_3p1_Comprehensive_Dynamics_Parameter_Atlas_v0.3.2\out\extended\aelmag__0p025_i01000.txt,300,8916df1819f3b7a18253a8295c27e6d531cf3e67a2378fa836a12986ccecb167,329.979214700305,24.94772235323431,0.05226358242143661,0.06976063461549506,4.37166212339769
extended,aelmag,aelmag__0p05,C:\workspace\projects\SST-Workbench\KnotPlot\KnotPlot_3p1_Comprehensive_Dynamics_Parameter_Atlas_v0.3.2\out\extended\aelmag__0p05_i01000.txt,300,8916df1819f3b7a18253a8295c27e6d531cf3e67a2378fa836a12986ccecb167,329.979214700305,24.94772235323431,0.05226358242143661,0.06976063461549506,4.37166212339769
extended,aelmag,aelmag__0p1,C:\workspace\projects\SST-Workbench\KnotPlot\KnotPlot_3p1_Comprehensive_Dynamics_Parameter_Atlas_v0.3.2\out\extended\aelmag__0p1_i01000.txt,300,8916df1819f3b7a18253a8295c27e6d531cf3e67a2378fa836a12986ccecb167,329.979214700305,24.94772235323431,0.05226358242143661,0.06976063461549506,4.37166212339769
extended,aelmag,aelmag__0p2,C:\workspace\projects\SST-Workbench\KnotPlot\KnotPlot_3p1_Comprehensive_Dynamics_Parameter_Atlas_v0.3.2\out\extended\aelmag__0p2_i01000.txt,300,8916df1819f3b7a18253a8295c27e6d531cf3e67a2378fa836a12986ccecb167,329.979214700305,24.94772235323431,0.05226358242143661,0.06976063461549506,4.37166212339769
extended,aelmag,aelmag__0p4,C:\workspace\projects\SST-Workbench\KnotPlot\KnotPlot_3p1_Comprehensive_Dynamics_Parameter_Atlas_v0.3.2\out\extended\aelmag__0p4_i01000.txt,300,8916df1819f3b7a18253a8295c27e6d531cf3e67a2378fa836a12986ccecb167,329.979214700305,24.94772235323431,0.05226358242143661,0.06976063461549506,4.37166212339769
extended,extforce,extforce__off,C:\workspace\projects\SST-Workbench\KnotPlot\KnotPlot_3p1_Comprehensive_Dynamics_Parameter_Atlas_v0.3.2\out\extended\extforce__off_i01000.txt,300,8916df1819f3b7a18253a8295c27e6d531cf3e67a2378fa836a12986ccecb167,329.979214700305,24.94772235323431,0.05226358242143661,0.06976063461549506,4.37166212339769
extended,extforce,extforce__on,C:\workspace\projects\SST-Workbench\KnotPlot\KnotPlot_3p1_Comprehensive_Dynamics_Parameter_Atlas_v0.3.2\out\extended\extforce__on_i01000.txt,300,8916df1819f3b7a18253a8295c27e6d531cf3e67a2378fa836a12986ccecb167,329.979214700305,24.94772235323431,0.05226358242143661,0.06976063461549506,4.37166212339769
extended,velforce,velforce__off,C:\workspace\projects\SST-Workbench\KnotPlot\KnotPlot_3p1_Comprehensive_Dynamics_Parameter_Atlas_v0.3.2\out\extended\velforce__off_i01000.txt,300,8916df1819f3b7a18253a8295c27e6d531cf3e67a2378fa836a12986ccecb167,329.979214700305,24.94772235323431,0.05226358242143661,0.06976063461549506,4.37166212339769
extended,velforce,velforce__on,C:\workspace\projects\SST-Workbench\KnotPlot\KnotPlot_3p1_Comprehensive_Dynamics_Parameter_Atlas_v0.3.2\out\extended\velforce__on_i01000.txt,300,8916df1819f3b7a18253a8295c27e6d531cf3e67a2378fa836a12986ccecb167,329.979214700305,24.94772235323431,0.05226358242143661,0.06976063461549506,4.37166212339769
extended,velmag,velmag__0p025,C:\workspace\projects\SST-Workbench\KnotPlot\KnotPlot_3p1_Comprehensive_Dynamics_Parameter_Atlas_v0.3.2\out\extended\velmag__0p025_i01000.txt,300,8916df1819f3b7a18253a8295c27e6d531cf3e67a2378fa836a12986ccecb167,329.979214700305,24.94772235323431,0.05226358242143661,0.06976063461549506,4.37166212339769
extended,velmag,velmag__0p05,C:\workspace\projects\SST-Workbench\KnotPlot\KnotPlot_3p1_Comprehensive_Dynamics_Parameter_Atlas_v0.3.2\out\extended\velmag__0p05_i01000.txt,300,8916df1819f3b7a18253a8295c27e6d531cf3e67a2378fa836a12986ccecb167,329.979214700305,24.94772235323431,0.05226358242143661,0.06976063461549506,4.37166212339769
extended,velmag,velmag__0p1,C:\workspace\projects\SST-Workbench\KnotPlot\KnotPlot_3p1_Comprehensive_Dynamics_Parameter_Atlas_v0.3.2\out\extended\velmag__0p1_i01000.txt,300,8916df1819f3b7a18253a8295c27e6d531cf3e67a2378fa836a12986ccecb167,329.979214700305,24.94772235323431,0.05226358242143661,0.06976063461549506,4.37166212339769
extended,velmag,velmag__0p2,C:\workspace\projects\SST-Workbench\KnotPlot\KnotPlot_3p1_Comprehensive_Dynamics_Parameter_Atlas_v0.3.2\out\extended\velmag__0p2_i01000.txt,300,8916df1819f3b7a18253a8295c27e6d531cf3e67a2378fa836a12986ccecb167,329.979214700305,24.94772235323431,0.05226358242143661,0.06976063461549506,4.37166212339769
extended,velmag,velmag__0p4,C:\workspace\projects\SST-Workbench\KnotPlot\KnotPlot_3p1_Comprehensive_Dynamics_Parameter_Atlas_v0.3.2\out\extended\velmag__0p4_i01000.txt,300,8916df1819f3b7a18253a8295c27e6d531cf3e67a2378fa836a12986ccecb167,329.979214700305,24.94772235323431,0.05226358242143661,0.06976063461549506,4.37166212339769
extended,tanforce,tanforce__off,C:\workspace\projects\SST-Workbench\KnotPlot\KnotPlot_3p1_Comprehensive_Dynamics_Parameter_Atlas_v0.3.2\out\extended\tanforce__off_i01000.txt,300,8916df1819f3b7a18253a8295c27e6d531cf3e67a2378fa836a12986ccecb167,329.979214700305,24.94772235323431,0.05226358242143661,0.06976063461549506,4.37166212339769
extended,tanforce,tanforce__on,C:\workspace\projects\SST-Workbench\KnotPlot\KnotPlot_3p1_Comprehensive_Dynamics_Parameter_Atlas_v0.3.2\out\extended\tanforce__on_i01000.txt,300,dfb2bced459e987a08cf8f8245bdf6e80807c2443df0e8654f2a3ceeb03c78a9,313.956402254874,24.01243522478696,0.048690447572946584,0.05961455710760159,4.172237356993368
extended,tanmag,tanmag__0p025,C:\workspace\projects\SST-Workbench\KnotPlot\KnotPlot_3p1_Comprehensive_Dynamics_Parameter_Atlas_v0.3.2\out\extended\tanmag__0p025_i01000.txt,300,cd55c3880df2f6467084f9c3c451f4f13dbb0041557b4eff252dd8c362a3bfa1,325.60424346131225,24.706944700647618,0.04974107370968233,0.05981625452938197,4.32479089055286
extended,tanmag,tanmag__0p05,C:\workspace\projects\SST-Workbench\KnotPlot\KnotPlot_3p1_Comprehensive_Dynamics_Parameter_Atlas_v0.3.2\out\extended\tanmag__0p05_i01000.txt,300,34df4acc0cd69d91dde2aee2a139bdcc4d3b9c2bfeb98e300b8e7639d7cfbf2c,321.4930303474846,24.47102687010032,0.04926480257999859,0.05950360207058292,4.274816008877221
extended,tanmag,tanmag__0p1,C:\workspace\projects\SST-Workbench\KnotPlot\KnotPlot_3p1_Comprehensive_Dynamics_Parameter_Atlas_v0.3.2\out\extended\tanmag__0p1_i01000.txt,300,dfb2bced459e987a08cf8f8245bdf6e80807c2443df0e8654f2a3ceeb03c78a9,313.956402254874,24.01243522478696,0.048690447572946584,0.05961455710760159,4.172237356993368
extended,tanmag,tanmag__0p2,C:\workspace\projects\SST-Workbench\KnotPlot\KnotPlot_3p1_Comprehensive_Dynamics_Parameter_Atlas_v0.3.2\out\extended\tanmag__0p2_i01000.txt,300,ee81c0e8488530aade439bbca070161e03f56102a68ff8cbfd708a3f76ca7279,303.7184401267317,23.35117645245173,0.0481692771928221,0.06022524603144677,4.019481638912286
extended,tanmag,tanmag__0p4,C:\workspace\projects\SST-Workbench\KnotPlot\KnotPlot_3p1_Comprehensive_Dynamics_Parameter_Atlas_v0.3.2\out\extended\tanmag__0p4_i01000.txt,300,67a47895e0dea6e3d507e03f8a719c24f29638e7b05211a637f9bcfbdade5d9d,296.10769683724646,22.850474802846808,0.04782626540860508,0.06020929221176366,3.909138635699301
extended,endforce,endforce__off,C:\workspace\projects\SST-Workbench\KnotPlot\KnotPlot_3p1_Comprehensive_Dynamics_Parameter_Atlas_v0.3.2\out\extended\endforce__off_i01000.txt,300,8916df1819f3b7a18253a8295c27e6d531cf3e67a2378fa836a12986ccecb167,329.979214700305,24.94772235323431,0.05226358242143661,0.06976063461549506,4.37166212339769
extended,endforce,endforce__on,C:\workspace\projects\SST-Workbench\KnotPlot\KnotPlot_3p1_Comprehensive_Dynamics_Parameter_Atlas_v0.3.2\out\extended\endforce__on_i01000.txt,300,8916df1819f3b7a18253a8295c27e6d531cf3e67a2378fa836a12986ccecb167,329.979214700305,24.94772235323431,0.05226358242143661,0.06976063461549506,4.37166212339769
extended,symmforce,symmforce__off,C:\workspace\projects\SST-Workbench\KnotPlot\KnotPlot_3p1_Comprehensive_Dynamics_Parameter_Atlas_v0.3.2\out\extended\symmforce__off_i01000.txt,300,8916df1819f3b7a18253a8295c27e6d531cf3e67a2378fa836a12986ccecb167,329.979214700305,24.94772235323431,0.05226358242143661,0.06976063461549506,4.37166212339769
extended,symmforce,symmforce__on,C:\workspace\projects\SST-Workbench\KnotPlot\KnotPlot_3p1_Comprehensive_Dynamics_Parameter_Atlas_v0.3.2\out\extended\symmforce__on_i01000.txt,300,f1b37bc048a506db40f388c45497bd4b722d0bb3a94ccee735112d64cd864897,331.264099127548,25.042862911439617,0.05040828431071,0.06133363681543476,4.38628999002004
extended,syfmag,syfmag__0p25,C:\workspace\projects\SST-Workbench\KnotPlot\KnotPlot_3p1_Comprehensive_Dynamics_Parameter_Atlas_v0.3.2\out\extended\syfmag__0p25_i01000.txt,300,b63c0206923eb08f2992845af1be2c201e647d78e6a590baadb57138a4cacbdd,330.29966407093843,24.973191914297573,0.051028008906506474,0.06234414619977915,4.377864142831525
extended,syfmag,syfmag__0p5,C:\workspace\projects\SST-Workbench\KnotPlot\KnotPlot_3p1_Comprehensive_Dynamics_Parameter_Atlas_v0.3.2\out\extended\syfmag__0p5_i01000.txt,300,0d94a3733e13b6c8c76a441376b57aea838264a3d435f842b084319691ab32bb,330.6244071496572,24.99692195555113,0.05062688596098819,0.06065038528820634,4.381305547134325
extended,syfmag,syfmag__1,C:\workspace\projects\SST-Workbench\KnotPlot\KnotPlot_3p1_Comprehensive_Dynamics_Parameter_Atlas_v0.3.2\out\extended\syfmag__1_i01000.txt,300,f1b37bc048a506db40f388c45497bd4b722d0bb3a94ccee735112d64cd864897,331.264099127548,25.042862911439617,0.05040828431071,0.06133363681543476,4.38628999002004
extended,syfmag,syfmag__2,C:\workspace\projects\SST-Workbench\KnotPlot\KnotPlot_3p1_Comprehensive_Dynamics_Parameter_Atlas_v0.3.2\out\extended\syfmag__2_i01000.txt,300,bf3188ec83ddbfda59a5dcc1c31e9b453abebe2a291988018d1d91d8b603b3b3,332.5266418392474,25.133337944118068,0.05025063028686792,0.06259545687533345,4.395851089482559
extended,syfmag,syfmag__4,C:\workspace\projects\SST-Workbench\KnotPlot\KnotPlot_3p1_Comprehensive_Dynamics_Parameter_Atlas_v0.3.2\out\extended\syfmag__4_i01000.txt,300,29e6671aa823215f345fb34f46d99c32bc9794eaa279566db913934002a599cf,335.04036126740846,25.31296028588757,0.050047979077083166,0.06373447546430758,4.413530753202701
extended,sytmag,sytmag__0p25,C:\workspace\projects\SST-Workbench\KnotPlot\KnotPlot_3p1_Comprehensive_Dynamics_Parameter_Atlas_v0.3.2\out\extended\sytmag__0p25_i01000.txt,300,0e21b7333491583989e54d51036e82149e0d0080265c80ece0239d67ad8ddfe0,330.21605350151606,24.97848244192229,0.05033975689422196,0.06154190597715294,4.376837831304468
extended,sytmag,sytmag__0p5,C:\workspace\projects\SST-Workbench\KnotPlot\KnotPlot_3p1_Comprehensive_Dynamics_Parameter_Atlas_v0.3.2\out\extended\sytmag__0p5_i01000.txt,300,ad8ec0cfd78e7a428b057f85d9e4fca14ab3704235d8e8a9cb78f8ae306cb09b,330.5653555014892,24.99993287521426,0.050361740982768265,0.06146873722242638,4.3800700896943425
extended,sytmag,sytmag__1,C:\workspace\projects\SST-Workbench\KnotPlot\KnotPlot_3p1_Comprehensive_Dynamics_Parameter_Atlas_v0.3.2\out\extended\sytmag__1_i01000.txt,300,f1b37bc048a506db40f388c45497bd4b722d0bb3a94ccee735112d64cd864897,331.264099127548,25.042862911439617,0.05040828431071,0.06133363681543476,4.38628999002004
extended,sytmag,sytmag__2,C:\workspace\projects\SST-Workbench\KnotPlot\KnotPlot_3p1_Comprehensive_Dynamics_Parameter_Atlas_v0.3.2\out\extended\sytmag__2_i01000.txt,300,e98433a38d66c9d765900d85936fe88ce467e288cf3b2c042922196baba54ba2,332.6620856724147,25.12881957476286,0.05049957827306562,0.06113565301132268,4.398532606963031
extended,sytmag,sytmag__4,C:\workspace\projects\SST-Workbench\KnotPlot\KnotPlot_3p1_Comprehensive_Dynamics_Parameter_Atlas_v0.3.2\out\extended\sytmag__4_i01000.txt,300,7a985e81b753d0a026736a19a8ab5fa05e4c45995b1cc8fc3a650e5dd3ea16ff,335.4597417652217,25.30111487877405,0.050672276266707984,0.06087193319654848,4.422348040158078
extended,syrmag,syrmag__0p25,C:\workspace\projects\SST-Workbench\KnotPlot\KnotPlot_3p1_Comprehensive_Dynamics_Parameter_Atlas_v0.3.2\out\extended\syrmag__0p25_i01000.txt,300,aed99e65258332d6f188df189abe24895fc754bfcb307395d6d87a1107f32e10,331.3513695285455,25.03812112939704,0.0509788873936847,0.0615559529673726,4.388269004999693
extended,syrmag,syrmag__0p5,C:\workspace\projects\SST-Workbench\KnotPlot\KnotPlot_3p1_Comprehensive_Dynamics_Parameter_Atlas_v0.3.2\out\extended\syrmag__0p5_i01000.txt,300,a76b03ee9f8e961693c748c78956ed5c1d790225aae7ef391228a857c1a8d478,331.324520478825,25.039999391021542,0.050647037047445685,0.06045104868465758,4.387659229185535
extended,syrmag,syrmag__1,C:\workspace\projects\SST-Workbench\KnotPlot\KnotPlot_3p1_Comprehensive_Dynamics_Parameter_Atlas_v0.3.2\out\extended\syrmag__1_i01000.txt,300,f1b37bc048a506db40f388c45497bd4b722d0bb3a94ccee735112d64cd864897,331.264099127548,25.042862911439617,0.05040828431071,0.06133363681543476,4.38628999002004
extended,syrmag,syrmag__2,C:\workspace\projects\SST-Workbench\KnotPlot\KnotPlot_3p1_Comprehensive_Dynamics_Parameter_Atlas_v0.3.2\out\extended\syrmag__2_i01000.txt,300,9203777358dec7b7bf00b1de9f354a119f4e8e192ee261597b8f6a9f9f4738e6,331.1311618154667,25.04757979665409,0.05015542744754361,0.06286731682786817,4.383457967651224
extended,syrmag,syrmag__4,C:\workspace\projects\SST-Workbench\KnotPlot\KnotPlot_3p1_Comprehensive_Dynamics_Parameter_Atlas_v0.3.2\out\extended\syrmag__4_i01000.txt,300,394e5b97a767bffb38e2c9a4bbc77451f9b1e666e8c847ded2471ad076ab77d4,330.8653714894877,25.05610718622604,0.04977398769187944,0.06450220747917544,4.376846207231983
extended,gravity,gravity__off,C:\workspace\projects\SST-Workbench\KnotPlot\KnotPlot_3p1_Comprehensive_Dynamics_Parameter_Atlas_v0.3.2\out\extended\gravity__off_i01000.txt,300,8916df1819f3b7a18253a8295c27e6d531cf3e67a2378fa836a12986ccecb167,329.979214700305,24.94772235323431,0.05226358242143661,0.06976063461549506,4.37166212339769
extended,gravity,gravity__on,C:\workspace\projects\SST-Workbench\KnotPlot\KnotPlot_3p1_Comprehensive_Dynamics_Parameter_Atlas_v0.3.2\out\extended\gravity__on_i01000.txt,300,8916df1819f3b7a18253a8295c27e6d531cf3e67a2378fa836a12986ccecb167,329.979214700305,24.94772235323431,0.05226358242143661,0.06976063461549506,4.37166212339769
extended,grastrength,grastrength__0p0025,C:\workspace\projects\SST-Workbench\KnotPlot\KnotPlot_3p1_Comprehensive_Dynamics_Parameter_Atlas_v0.3.2\out\extended\grastrength__0p0025_i01000.txt,300,8916df1819f3b7a18253a8295c27e6d531cf3e67a2378fa836a12986ccecb167,329.979214700305,24.94772235323431,0.05226358242143661,0.06976063461549506,4.37166212339769
extended,grastrength,grastrength__0p005,C:\workspace\projects\SST-Workbench\KnotPlot\KnotPlot_3p1_Comprehensive_Dynamics_Parameter_Atlas_v0.3.2\out\extended\grastrength__0p005_i01000.txt,300,8916df1819f3b7a18253a8295c27e6d531cf3e67a2378fa836a12986ccecb167,329.979214700305,24.94772235323431,0.05226358242143661,0.06976063461549506,4.37166212339769
extended,grastrength,grastrength__0p01,C:\workspace\projects\SST-Workbench\KnotPlot\KnotPlot_3p1_Comprehensive_Dynamics_Parameter_Atlas_v0.3.2\out\extended\grastrength__0p01_i01000.txt,300,8916df1819f3b7a18253a8295c27e6d531cf3e67a2378fa836a12986ccecb167,329.979214700305,24.94772235323431,0.05226358242143661,0.06976063461549506,4.37166212339769
extended,grastrength,grastrength__0p02,C:\workspace\projects\SST-Workbench\KnotPlot\KnotPlot_3p1_Comprehensive_Dynamics_Parameter_Atlas_v0.3.2\out\extended\grastrength__0p02_i01000.txt,300,8916df1819f3b7a18253a8295c27e6d531cf3e67a2378fa836a12986ccecb167,329.979214700305,24.94772235323431,0.05226358242143661,0.06976063461549506,4.37166212339769
extended,grastrength,grastrength__0p04,C:\workspace\projects\SST-Workbench\KnotPlot\KnotPlot_3p1_Comprehensive_Dynamics_Parameter_Atlas_v0.3.2\out\extended\grastrength__0p04_i01000.txt,300,8916df1819f3b7a18253a8295c27e6d531cf3e67a2378fa836a12986ccecb167,329.979214700305,24.94772235323431,0.05226358242143661,0.06976063461549506,4.37166212339769
extended,cradius,cradius__0p05,C:\workspace\projects\SST-Workbench\KnotPlot\KnotPlot_3p1_Comprehensive_Dynamics_Parameter_Atlas_v0.3.2\out\extended\cradius__0p05_i01000.txt,300,8916df1819f3b7a18253a8295c27e6d531cf3e67a2378fa836a12986ccecb167,329.979214700305,24.94772235323431,0.05226358242143661,0.06976063461549506,4.37166212339769
extended,cradius,cradius__0p075,C:\workspace\projects\SST-Workbench\KnotPlot\KnotPlot_3p1_Comprehensive_Dynamics_Parameter_Atlas_v0.3.2\out\extended\cradius__0p075_i01000.txt,300,8916df1819f3b7a18253a8295c27e6d531cf3e67a2378fa836a12986ccecb167,329.979214700305,24.94772235323431,0.05226358242143661,0.06976063461549506,4.37166212339769
extended,cradius,cradius__0p1,C:\workspace\projects\SST-Workbench\KnotPlot\KnotPlot_3p1_Comprehensive_Dynamics_Parameter_Atlas_v0.3.2\out\extended\cradius__0p1_i01000.txt,300,8916df1819f3b7a18253a8295c27e6d531cf3e67a2378fa836a12986ccecb167,329.979214700305,24.94772235323431,0.05226358242143661,0.06976063461549506,4.37166212339769
extended,cradius,cradius__0p15,C:\workspace\projects\SST-Workbench\KnotPlot\KnotPlot_3p1_Comprehensive_Dynamics_Parameter_Atlas_v0.3.2\out\extended\cradius__0p15_i01000.txt,300,8916df1819f3b7a18253a8295c27e6d531cf3e67a2378fa836a12986ccecb167,329.979214700305,24.94772235323431,0.05226358242143661,0.06976063461549506,4.37166212339769
extended,cradius,cradius__0p2,C:\workspace\projects\SST-Workbench\KnotPlot\KnotPlot_3p1_Comprehensive_Dynamics_Parameter_Atlas_v0.3.2\out\extended\cradius__0p2_i01000.txt,300,8916df1819f3b7a18253a8295c27e6d531cf3e67a2378fa836a12986ccecb167,329.979214700305,24.94772235323431,0.05226358242143661,0.06976063461549506,4.37166212339769
extended,bead-radius,bead-radius__0p09,C:\workspace\projects\SST-Workbench\KnotPlot\KnotPlot_3p1_Comprehensive_Dynamics_Parameter_Atlas_v0.3.2\out\extended\bead-radius__0p09_i01000.txt,300,8916df1819f3b7a18253a8295c27e6d531cf3e67a2378fa836a12986ccecb167,329.979214700305,24.94772235323431,0.05226358242143661,0.06976063461549506,4.37166212339769
extended,bead-radius,bead-radius__0p135,C:\workspace\projects\SST-Workbench\KnotPlot\KnotPlot_3p1_Comprehensive_Dynamics_Parameter_Atlas_v0.3.2\out\extended\bead-radius__0p135_i01000.txt,300,8916df1819f3b7a18253a8295c27e6d531cf3e67a2378fa836a12986ccecb167,329.979214700305,24.94772235323431,0.05226358242143661,0.06976063461549506,4.37166212339769
extended,bead-radius,bead-radius__0p18,C:\workspace\projects\SST-Workbench\KnotPlot\KnotPlot_3p1_Comprehensive_Dynamics_Parameter_Atlas_v0.3.2\out\extended\bead-radius__0p18_i01000.txt,300,8916df1819f3b7a18253a8295c27e6d531cf3e67a2378fa836a12986ccecb167,329.979214700305,24.94772235323431,0.05226358242143661,0.06976063461549506,4.37166212339769
extended,bead-radius,bead-radius__0p27,C:\workspace\projects\SST-Workbench\KnotPlot\KnotPlot_3p1_Comprehensive_Dynamics_Parameter_Atlas_v0.3.2\out\extended\bead-radius__0p27_i01000.txt,300,8916df1819f3b7a18253a8295c27e6d531cf3e67a2378fa836a12986ccecb167,329.979214700305,24.94772235323431,0.05226358242143661,0.06976063461549506,4.37166212339769
extended,bead-radius,bead-radius__0p36,C:\workspace\projects\SST-Workbench\KnotPlot\KnotPlot_3p1_Comprehensive_Dynamics_Parameter_Atlas_v0.3.2\out\extended\bead-radius__0p36_i01000.txt,300,8916df1819f3b7a18253a8295c27e6d531cf3e67a2378fa836a12986ccecb167,329.979214700305,24.94772235323431,0.05226358242143661,0.06976063461549506,4.37166212339769
extended,bradius,bradius__0p09,C:\workspace\projects\SST-Workbench\KnotPlot\KnotPlot_3p1_Comprehensive_Dynamics_Parameter_Atlas_v0.3.2\out\extended\bradius__0p09_i01000.txt,300,8916df1819f3b7a18253a8295c27e6d531cf3e67a2378fa836a12986ccecb167,329.979214700305,24.94772235323431,0.05226358242143661,0.06976063461549506,4.37166212339769
extended,bradius,bradius__0p135,C:\workspace\projects\SST-Workbench\KnotPlot\KnotPlot_3p1_Comprehensive_Dynamics_Parameter_Atlas_v0.3.2\out\extended\bradius__0p135_i01000.txt,300,8916df1819f3b7a18253a8295c27e6d531cf3e67a2378fa836a12986ccecb167,329.979214700305,24.94772235323431,0.05226358242143661,0.06976063461549506,4.37166212339769
extended,bradius,bradius__0p18,C:\workspace\projects\SST-Workbench\KnotPlot\KnotPlot_3p1_Comprehensive_Dynamics_Parameter_Atlas_v0.3.2\out\extended\bradius__0p18_i01000.txt,300,8916df1819f3b7a18253a8295c27e6d531cf3e67a2378fa836a12986ccecb167,329.979214700305,24.94772235323431,0.05226358242143661,0.06976063461549506,4.37166212339769
extended,bradius,bradius__0p27,C:\workspace\projects\SST-Workbench\KnotPlot\KnotPlot_3p1_Comprehensive_Dynamics_Parameter_Atlas_v0.3.2\out\extended\bradius__0p27_i01000.txt,300,8916df1819f3b7a18253a8295c27e6d531cf3e67a2378fa836a12986ccecb167,329.979214700305,24.94772235323431,0.05226358242143661,0.06976063461549506,4.37166212339769
extended,bradius,bradius__0p36,C:\workspace\projects\SST-Workbench\KnotPlot\KnotPlot_3p1_Comprehensive_Dynamics_Parameter_Atlas_v0.3.2\out\extended\bradius__0p36_i01000.txt,300,8916df1819f3b7a18253a8295c27e6d531cf3e67a2378fa836a12986ccecb167,329.979214700305,24.94772235323431,0.05226358242143661,0.06976063461549506,4.37166212339769
extended,stusplit,stusplit__0,C:\workspace\projects\SST-Workbench\KnotPlot\KnotPlot_3p1_Comprehensive_Dynamics_Parameter_Atlas_v0.3.2\out\extended\stusplit__0_i01000.txt,300,8916df1819f3b7a18253a8295c27e6d531cf3e67a2378fa836a12986ccecb167,329.979214700305,24.94772235323431,0.05226358242143661,0.06976063461549506,4.37166212339769
extended,stusplit,stusplit__1,C:\workspace\projects\SST-Workbench\KnotPlot\KnotPlot_3p1_Comprehensive_Dynamics_Parameter_Atlas_v0.3.2\out\extended\stusplit__1_i01000.txt,300,8916df1819f3b7a18253a8295c27e6d531cf3e67a2378fa836a12986ccecb167,329.979214700305,24.94772235323431,0.05226358242143661,0.06976063461549506,4.37166212339769
extended,stusplit,stusplit__2,C:\workspace\projects\SST-Workbench\KnotPlot\KnotPlot_3p1_Comprehensive_Dynamics_Parameter_Atlas_v0.3.2\out\extended\stusplit__2_i01000.txt,300,8916df1819f3b7a18253a8295c27e6d531cf3e67a2378fa836a12986ccecb167,329.979214700305,24.94772235323431,0.05226358242143661,0.06976063461549506,4.37166212339769
extended,stusplit,stusplit__4,C:\workspace\projects\SST-Workbench\KnotPlot\KnotPlot_3p1_Comprehensive_Dynamics_Parameter_Atlas_v0.3.2\out\extended\stusplit__4_i01000.txt,300,8916df1819f3b7a18253a8295c27e6d531cf3e67a2378fa836a12986ccecb167,329.979214700305,24.94772235323431,0.05226358242143661,0.06976063461549506,4.37166212339769
extended,stuthresh,stuthresh__0p075,C:\workspace\projects\SST-Workbench\KnotPlot\KnotPlot_3p1_Comprehensive_Dynamics_Parameter_Atlas_v0.3.2\out\extended\stuthresh__0p075_i01000.txt,300,8916df1819f3b7a18253a8295c27e6d531cf3e67a2378fa836a12986ccecb167,329.979214700305,24.94772235323431,0.05226358242143661,0.06976063461549506,4.37166212339769
extended,stuthresh,stuthresh__0p1,C:\workspace\projects\SST-Workbench\KnotPlot\KnotPlot_3p1_Comprehensive_Dynamics_Parameter_Atlas_v0.3.2\out\extended\stuthresh__0p1_i01000.txt,300,8916df1819f3b7a18253a8295c27e6d531cf3e67a2378fa836a12986ccecb167,329.979214700305,24.94772235323431,0.05226358242143661,0.06976063461549506,4.37166212339769
extended,stuthresh,stuthresh__0p15,C:\workspace\projects\SST-Workbench\KnotPlot\KnotPlot_3p1_Comprehensive_Dynamics_Parameter_Atlas_v0.3.2\out\extended\stuthresh__0p15_i01000.txt,300,8916df1819f3b7a18253a8295c27e6d531cf3e67a2378fa836a12986ccecb167,329.979214700305,24.94772235323431,0.05226358242143661,0.06976063461549506,4.37166212339769
extended,stuthresh,stuthresh__0p2,C:\workspace\projects\SST-Workbench\KnotPlot\KnotPlot_3p1_Comprehensive_Dynamics_Parameter_Atlas_v0.3.2\out\extended\stuthresh__0p2_i01000.txt,300,8916df1819f3b7a18253a8295c27e6d531cf3e67a2378fa836a12986ccecb167,329.979214700305,24.94772235323431,0.05226358242143661,0.06976063461549506,4.37166212339769
extended,stuthresh,stuthresh__0p3,C:\workspace\projects\SST-Workbench\KnotPlot\KnotPlot_3p1_Comprehensive_Dynamics_Parameter_Atlas_v0.3.2\out\extended\stuthresh__0p3_i01000.txt,300,8916df1819f3b7a18253a8295c27e6d531cf3e67a2378fa836a12986ccecb167,329.979214700305,24.94772235323431,0.05226358242143661,0.06976063461549506,4.37166212339769
extended,minsplitfactor,minsplitfactor__1p25,C:\workspace\projects\SST-Workbench\KnotPlot\KnotPlot_3p1_Comprehensive_Dynamics_Parameter_Atlas_v0.3.2\out\extended\minsplitfactor__1p25_i01000.txt,300,8916df1819f3b7a18253a8295c27e6d531cf3e67a2378fa836a12986ccecb167,329.979214700305,24.94772235323431,0.05226358242143661,0.06976063461549506,4.37166212339769
extended,minsplitfactor,minsplitfactor__1p5,C:\workspace\projects\SST-Workbench\KnotPlot\KnotPlot_3p1_Comprehensive_Dynamics_Parameter_Atlas_v0.3.2\out\extended\minsplitfactor__1p5_i01000.txt,300,8916df1819f3b7a18253a8295c27e6d531cf3e67a2378fa836a12986ccecb167,329.979214700305,24.94772235323431,0.05226358242143661,0.06976063461549506,4.37166212339769
extended,minsplitfactor,minsplitfactor__2,C:\workspace\projects\SST-Workbench\KnotPlot\KnotPlot_3p1_Comprehensive_Dynamics_Parameter_Atlas_v0.3.2\out\extended\minsplitfactor__2_i01000.txt,300,8916df1819f3b7a18253a8295c27e6d531cf3e67a2378fa836a12986ccecb167,329.979214700305,24.94772235323431,0.05226358242143661,0.06976063461549506,4.37166212339769
extended,minsplitfactor,minsplitfactor__3,C:\workspace\projects\SST-Workbench\KnotPlot\KnotPlot_3p1_Comprehensive_Dynamics_Parameter_Atlas_v0.3.2\out\extended\minsplitfactor__3_i01000.txt,300,8916df1819f3b7a18253a8295c27e6d531cf3e67a2378fa836a12986ccecb167,329.979214700305,24.94772235323431,0.05226358242143661,0.06976063461549506,4.37166212339769
extended,minsplitfactor,minsplitfactor__4,C:\workspace\projects\SST-Workbench\KnotPlot\KnotPlot_3p1_Comprehensive_Dynamics_Parameter_Atlas_v0.3.2\out\extended\minsplitfactor__4_i01000.txt,300,8916df1819f3b7a18253a8295c27e6d531cf3e67a2378fa836a12986ccecb167,329.979214700305,24.94772235323431,0.05226358242143661,0.06976063461549506,4.37166212339769
extended,spring-length,spring-length__0p7,C:\workspace\projects\SST-Workbench\KnotPlot\KnotPlot_3p1_Comprehensive_Dynamics_Parameter_Atlas_v0.3.2\out\extended\spring-length__0p7_i01000.txt,300,8916df1819f3b7a18253a8295c27e6d531cf3e67a2378fa836a12986ccecb167,329.979214700305,24.94772235323431,0.05226358242143661,0.06976063461549506,4.37166212339769
extended,spring-length,spring-length__1,C:\workspace\projects\SST-Workbench\KnotPlot\KnotPlot_3p1_Comprehensive_Dynamics_Parameter_Atlas_v0.3.2\out\extended\spring-length__1_i01000.txt,300,8916df1819f3b7a18253a8295c27e6d531cf3e67a2378fa836a12986ccecb167,329.979214700305,24.94772235323431,0.05226358242143661,0.06976063461549506,4.37166212339769
extended,spring-length,spring-length__1p4,C:\workspace\projects\SST-Workbench\KnotPlot\KnotPlot_3p1_Comprehensive_Dynamics_Parameter_Atlas_v0.3.2\out\extended\spring-length__1p4_i01000.txt,300,8916df1819f3b7a18253a8295c27e6d531cf3e67a2378fa836a12986ccecb167,329.979214700305,24.94772235323431,0.05226358242143661,0.06976063461549506,4.37166212339769
extended,spring-length,spring-length__2,C:\workspace\projects\SST-Workbench\KnotPlot\KnotPlot_3p1_Comprehensive_Dynamics_Parameter_Atlas_v0.3.2\out\extended\spring-length__2_i01000.txt,300,8916df1819f3b7a18253a8295c27e6d531cf3e67a2378fa836a12986ccecb167,329.979214700305,24.94772235323431,0.05226358242143661,0.06976063461549506,4.37166212339769
extended,spring-length,spring-length__2p8,C:\workspace\projects\SST-Workbench\KnotPlot\KnotPlot_3p1_Comprehensive_Dynamics_Parameter_Atlas_v0.3.2\out\extended\spring-length__2p8_i01000.txt,300,8916df1819f3b7a18253a8295c27e6d531cf3e67a2378fa836a12986ccecb167,329.979214700305,24.94772235323431,0.05226358242143661,0.06976063461549506,4.37166212339769
extended,cent-potential,cent-potential__0,C:\workspace\projects\SST-Workbench\KnotPlot\KnotPlot_3p1_Comprehensive_Dynamics_Parameter_Atlas_v0.3.2\out\extended\cent-potential__0_i01000.txt,300,8916df1819f3b7a18253a8295c27e6d531cf3e67a2378fa836a12986ccecb167,329.979214700305,24.94772235323431,0.05226358242143661,0.06976063461549506,4.37166212339769
extended,cent-potential,cent-potential__0p025,C:\workspace\projects\SST-Workbench\KnotPlot\KnotPlot_3p1_Comprehensive_Dynamics_Parameter_Atlas_v0.3.2\out\extended\cent-potential__0p025_i01000.txt,300,8916df1819f3b7a18253a8295c27e6d531cf3e67a2378fa836a12986ccecb167,329.979214700305,24.94772235323431,0.05226358242143661,0.06976063461549506,4.37166212339769
extended,cent-potential,cent-potential__0p05,C:\workspace\projects\SST-Workbench\KnotPlot\KnotPlot_3p1_Comprehensive_Dynamics_Parameter_Atlas_v0.3.2\out\extended\cent-potential__0p05_i01000.txt,300,8916df1819f3b7a18253a8295c27e6d531cf3e67a2378fa836a12986ccecb167,329.979214700305,24.94772235323431,0.05226358242143661,0.06976063461549506,4.37166212339769
extended,cent-potential,cent-potential__0p1,C:\workspace\projects\SST-Workbench\KnotPlot\KnotPlot_3p1_Comprehensive_Dynamics_Parameter_Atlas_v0.3.2\out\extended\cent-potential__0p1_i01000.txt,300,8916df1819f3b7a18253a8295c27e6d531cf3e67a2378fa836a12986ccecb167,329.979214700305,24.94772235323431,0.05226358242143661,0.06976063461549506,4.37166212339769
extended,cent-potential,cent-potential__0p2,C:\workspace\projects\SST-Workbench\KnotPlot\KnotPlot_3p1_Comprehensive_Dynamics_Parameter_Atlas_v0.3.2\out\extended\cent-potential__0p2_i01000.txt,300,8916df1819f3b7a18253a8295c27e6d531cf3e67a2378fa836a12986ccecb167,329.979214700305,24.94772235323431,0.05226358242143661,0.06976063461549506,4.37166212339769
extended,zforce,zforce__0,C:\workspace\projects\SST-Workbench\KnotPlot\KnotPlot_3p1_Comprehensive_Dynamics_Parameter_Atlas_v0.3.2\out\extended\zforce__0_i01000.txt,300,8916df1819f3b7a18253a8295c27e6d531cf3e67a2378fa836a12986ccecb167,329.979214700305,24.94772235323431,0.05226358242143661,0.06976063461549506,4.37166212339769
extended,zforce,zforce__0p025,C:\workspace\projects\SST-Workbench\KnotPlot\KnotPlot_3p1_Comprehensive_Dynamics_Parameter_Atlas_v0.3.2\out\extended\zforce__0p025_i01000.txt,300,8916df1819f3b7a18253a8295c27e6d531cf3e67a2378fa836a12986ccecb167,329.979214700305,24.94772235323431,0.05226358242143661,0.06976063461549506,4.37166212339769
extended,zforce,zforce__0p05,C:\workspace\projects\SST-Workbench\KnotPlot\KnotPlot_3p1_Comprehensive_Dynamics_Parameter_Atlas_v0.3.2\out\extended\zforce__0p05_i01000.txt,300,8916df1819f3b7a18253a8295c27e6d531cf3e67a2378fa836a12986ccecb167,329.979214700305,24.94772235323431,0.05226358242143661,0.06976063461549506,4.37166212339769
extended,zforce,zforce__0p1,C:\workspace\projects\SST-Workbench\KnotPlot\KnotPlot_3p1_Comprehensive_Dynamics_Parameter_Atlas_v0.3.2\out\extended\zforce__0p1_i01000.txt,300,8916df1819f3b7a18253a8295c27e6d531cf3e67a2378fa836a12986ccecb167,329.979214700305,24.94772235323431,0.05226358242143661,0.06976063461549506,4.37166212339769
extended,zforce,zforce__0p2,C:\workspace\projects\SST-Workbench\KnotPlot\KnotPlot_3p1_Comprehensive_Dynamics_Parameter_Atlas_v0.3.2\out\extended\zforce__0p2_i01000.txt,300,8916df1819f3b7a18253a8295c27e6d531cf3e67a2378fa836a12986ccecb167,329.979214700305,24.94772235323431,0.05226358242143661,0.06976063461549506,4.37166212339769
extended,Kzforce,Kzforce__0p025,C:\workspace\projects\SST-Workbench\KnotPlot\KnotPlot_3p1_Comprehensive_Dynamics_Parameter_Atlas_v0.3.2\out\extended\Kzforce__0p025_i01000.txt,300,8916df1819f3b7a18253a8295c27e6d531cf3e67a2378fa836a12986ccecb167,329.979214700305,24.94772235323431,0.05226358242143661,0.06976063461549506,4.37166212339769
extended,Kzforce,Kzforce__0p05,C:\workspace\projects\SST-Workbench\KnotPlot\KnotPlot_3p1_Comprehensive_Dynamics_Parameter_Atlas_v0.3.2\out\extended\Kzforce__0p05_i01000.txt,300,8916df1819f3b7a18253a8295c27e6d531cf3e67a2378fa836a12986ccecb167,329.979214700305,24.94772235323431,0.05226358242143661,0.06976063461549506,4.37166212339769
extended,Kzforce,Kzforce__0p1,C:\workspace\projects\SST-Workbench\KnotPlot\KnotPlot_3p1_Comprehensive_Dynamics_Parameter_Atlas_v0.3.2\out\extended\Kzforce__0p1_i01000.txt,300,8916df1819f3b7a18253a8295c27e6d531cf3e67a2378fa836a12986ccecb167,329.979214700305,24.94772235323431,0.05226358242143661,0.06976063461549506,4.37166212339769
extended,Kzforce,Kzforce__0p2,C:\workspace\projects\SST-Workbench\KnotPlot\KnotPlot_3p1_Comprehensive_Dynamics_Parameter_Atlas_v0.3.2\out\extended\Kzforce__0p2_i01000.txt,300,8916df1819f3b7a18253a8295c27e6d531cf3e67a2378fa836a12986ccecb167,329.979214700305,24.94772235323431,0.05226358242143661,0.06976063461549506,4.37166212339769
extended,Kzforce,Kzforce__0p4,C:\workspace\projects\SST-Workbench\KnotPlot\KnotPlot_3p1_Comprehensive_Dynamics_Parameter_Atlas_v0.3.2\out\extended\Kzforce__0p4_i01000.txt,300,8916df1819f3b7a18253a8295c27e6d531cf3e67a2378fa836a12986ccecb167,329.979214700305,24.94772235323431,0.05226358242143661,0.06976063461549506,4.37166212339769
extended,fmax,fmax__0,C:\workspace\projects\SST-Workbench\KnotPlot\KnotPlot_3p1_Comprehensive_Dynamics_Parameter_Atlas_v0.3.2\out\extended\fmax__0_i01000.txt,300,8916df1819f3b7a18253a8295c27e6d531cf3e67a2378fa836a12986ccecb167,329.979214700305,24.94772235323431,0.05226358242143661,0.06976063461549506,4.37166212339769
extended,fmax,fmax__0p1,C:\workspace\projects\SST-Workbench\KnotPlot\KnotPlot_3p1_Comprehensive_Dynamics_Parameter_Atlas_v0.3.2\out\extended\fmax__0p1_i01000.txt,300,8916df1819f3b7a18253a8295c27e6d531cf3e67a2378fa836a12986ccecb167,329.979214700305,24.94772235323431,0.05226358242143661,0.06976063461549506,4.37166212339769
extended,fmax,fmax__1,C:\workspace\projects\SST-Workbench\KnotPlot\KnotPlot_3p1_Comprehensive_Dynamics_Parameter_Atlas_v0.3.2\out\extended\fmax__1_i01000.txt,300,8916df1819f3b7a18253a8295c27e6d531cf3e67a2378fa836a12986ccecb167,329.979214700305,24.94772235323431,0.05226358242143661,0.06976063461549506,4.37166212339769
extended,fmax,fmax__10,C:\workspace\projects\SST-Workbench\KnotPlot\KnotPlot_3p1_Comprehensive_Dynamics_Parameter_Atlas_v0.3.2\out\extended\fmax__10_i01000.txt,300,8916df1819f3b7a18253a8295c27e6d531cf3e67a2378fa836a12986ccecb167,329.979214700305,24.94772235323431,0.05226358242143661,0.06976063461549506,4.37166212339769
extended,fmax,fmax__100,C:\workspace\projects\SST-Workbench\KnotPlot\KnotPlot_3p1_Comprehensive_Dynamics_Parameter_Atlas_v0.3.2\out\extended\fmax__100_i01000.txt,300,8916df1819f3b7a18253a8295c27e6d531cf3e67a2378fa836a12986ccecb167,329.979214700305,24.94772235323431,0.05226358242143661,0.06976063461549506,4.37166212339769
extended,spstr,spstr__0p05,C:\workspace\projects\SST-Workbench\KnotPlot\KnotPlot_3p1_Comprehensive_Dynamics_Parameter_Atlas_v0.3.2\out\extended\spstr__0p05_i01000.txt,300,8916df1819f3b7a18253a8295c27e6d531cf3e67a2378fa836a12986ccecb167,329.979214700305,24.94772235323431,0.05226358242143661,0.06976063461549506,4.37166212339769
extended,spstr,spstr__0p1,C:\workspace\projects\SST-Workbench\KnotPlot\KnotPlot_3p1_Comprehensive_Dynamics_Parameter_Atlas_v0.3.2\out\extended\spstr__0p1_i01000.txt,300,8916df1819f3b7a18253a8295c27e6d531cf3e67a2378fa836a12986ccecb167,329.979214700305,24.94772235323431,0.05226358242143661,0.06976063461549506,4.37166212339769
extended,spstr,spstr__0p2,C:\workspace\projects\SST-Workbench\KnotPlot\KnotPlot_3p1_Comprehensive_Dynamics_Parameter_Atlas_v0.3.2\out\extended\spstr__0p2_i01000.txt,300,8916df1819f3b7a18253a8295c27e6d531cf3e67a2378fa836a12986ccecb167,329.979214700305,24.94772235323431,0.05226358242143661,0.06976063461549506,4.37166212339769
extended,spstr,spstr__0p4,C:\workspace\projects\SST-Workbench\KnotPlot\KnotPlot_3p1_Comprehensive_Dynamics_Parameter_Atlas_v0.3.2\out\extended\spstr__0p4_i01000.txt,300,8916df1819f3b7a18253a8295c27e6d531cf3e67a2378fa836a12986ccecb167,329.979214700305,24.94772235323431,0.05226358242143661,0.06976063461549506,4.37166212339769
extended,spstr,spstr__0p8,C:\workspace\projects\SST-Workbench\KnotPlot\KnotPlot_3p1_Comprehensive_Dynamics_Parameter_Atlas_v0.3.2\out\extended\spstr__0p8_i01000.txt,300,8916df1819f3b7a18253a8295c27e6d531cf3e67a2378fa836a12986ccecb167,329.979214700305,24.94772235323431,0.05226358242143661,0.06976063461549506,4.37166212339769
extended,f-d-coupled,f-d-coupled__false,C:\workspace\projects\SST-Workbench\KnotPlot\KnotPlot_3p1_Comprehensive_Dynamics_Parameter_Atlas_v0.3.2\out\extended\f-d-coupled__false_i01000.txt,300,8916df1819f3b7a18253a8295c27e6d531cf3e67a2378fa836a12986ccecb167,329.979214700305,24.94772235323431,0.05226358242143661,0.06976063461549506,4.37166212339769
extended,f-d-coupled,f-d-coupled__true,C:\workspace\projects\SST-Workbench\KnotPlot\KnotPlot_3p1_Comprehensive_Dynamics_Parameter_Atlas_v0.3.2\out\extended\f-d-coupled__true_i01000.txt,300,8916df1819f3b7a18253a8295c27e6d531cf3e67a2378fa836a12986ccecb167,329.979214700305,24.94772235323431,0.05226358242143661,0.06976063461549506,4.37166212339769
