pair_id,carrier_id,profile,axial_ratio,core_fraction,m,n,both_valid,closed_phase_valid,clock_regime,lambda_real,lambda_imag,omega_mode,T_mode,advective_frequency_mode_weighted,omega_intrinsic,T_intrinsic,group_velocity,tau_loop_group,tau_return_measured,phi_loop,phase_uncertainty_rad,phase_sampling_step_rad,dispersion_omega_rmse,carrier_phase_cycles_at_return,omega_swirl_rms_core,mode_over_swirl_frequency_ratio,intrinsic_over_swirl_frequency_ratio,growth_effect_bounded,log_growth_ratio
P00000,TORUS_T2_3,gaussian,-1.0,0.05,1,1,False,False,FAST_SWIRL_LOCKED,0.0,-1.0236033654518202,1.0236033654518202,6.13830075129362,1.2621865778573846,-0.23858321240556446,26.33540408743798,-0.08877791950332513,nan,nan,nan,nan,nan,nan,nan,1.3207793553866565,0.7749995192438192,0.18063820533878616,nan,nan
P00001,TORUS_T2_3,gaussian,-1.0,0.05,1,2,True,True,FAST_SWIRL_LOCKED,0.028829028645273876,-1.4724236961601516,1.4724236961601516,4.267240009492608,1.4916153133327028,-0.019191617172551245,327.39217600516196,-1.0183395409597291,251.4951032598988,251.9242153740996,1.133258872604025,0.0001848251110201622,0.049999999999999996,9.996494399731144e-09,60.80652565270729,1.3207793553866565,1.1148142876060487,0.014530524795288706,0.14672228074863264,0.295589697066188
P00002,TORUS_T2_3,gaussian,-1.0,0.05,2,1,False,False,OTHER_BRANCH,-6.9033580387693e-16,-2.2939532108478193,2.2939532108478193,2.7390206903380525,2.3928159099971498,-0.09886269914933044,63.554660769366016,nan,nan,nan,nan,nan,nan,nan,nan,1.3207793553866565,1.736817888235592,0.07485179015414616,nan,nan
P00003,TORUS_T2_3,gaussian,-1.0,0.05,2,2,False,False,OTHER_BRANCH,nan,nan,nan,nan,nan,nan,nan,nan,nan,nan,nan,nan,nan,nan,nan,1.3207793553866565,nan,nan,nan,nan
P00004,TORUS_T2_3,gaussian,0.0,0.05,1,1,True,True,OTHER_BRANCH,0.0,-1.5849823890954993,1.5849823890954993,3.9641988140733897,1.3454228803897799,0.24510346626793567,25.63482843735511,0.024695233738852088,10370.722169127754,14846.697531336074,-1.540914083507203,0.08808542536768796,0.05000000000000001,5.932917982713744e-06,3745.194988361453,1.3207793553866565,1.2000357081834443,0.18557487688485405,0.0,0.0
P00005,TORUS_T2_3,gaussian,0.0,0.05,1,2,False,False,FAST_SWIRL_LOCKED,6.519087389096648e-17,-1.578046688761968,1.578046688761968,3.9816219329410094,1.3339257762768144,0.004748454351607201,1323.2064250660696,0.07017889367285211,nan,nan,nan,nan,nan,nan,nan,1.3207793553866565,1.1947844901770113,0.0035951912272410534,nan,nan
P00006,TORUS_T2_3,gaussian,0.0,0.05,2,1,True,True,OTHER_BRANCH,6.516184370025646e-18,-3.167984427558267,3.167984427558267,1.9833384446344544,3.1634044857399264,0.01065417628850529,589.7391911900751,0.022045764301901468,11617.080020456153,13936.361810475119,-1.2254679462940694,0.048772844359195856,0.05,3.4996108627467567e-06,7040.191838867958,1.3207793553866565,2.3985720360013074,0.008066582995148569,0.0,0.0
P00007,TORUS_T2_3,gaussian,0.0,0.05,2,2,True,True,OTHER_BRANCH,2.1910703649752913e-17,-3.0736780256547864,3.0736780256547864,2.044191113947622,3.1102078283312666,-0.036529802676480205,172.00162187640365,-0.06058085018294087,4227.53076647021,3955.0696670113657,2.2010180260009498,0.0007025732221785764,0.05,1.5910857868953808e-07,1934.7846881955995,1.3207793553866565,2.327169949408371,0.02765776321949411,0.0,0.0
P00008,TORUS_T2_3,gaussian,1.0,0.05,1,1,False,False,SLOW_MODE,0.0003096668967836193,-0.06463258072798805,0.06463258072798805,97.21390104509254,1.0122392942137954,-0.9442552475287809,6.654117436597115,-0.005378717800315876,nan,nan,nan,nan,nan,nan,nan,1.3207793553866565,0.04893518396119006,0.7149227792497947,nan,nan
P00009,TORUS_T2_3,gaussian,1.0,0.05,1,2,True,False,SLOW_MODE,0.0011676636421382226,-0.07367091787541807,0.07367091787541807,85.28718642822977,1.0356663732440814,-0.960152711922296,6.543943717661526,0.009466976311758132,27052.71457046065,18312.597881089252,-0.27562638043790183,1.3851512495836136,0.05,7.563925200613726e-05,220.0876222342958,1.3207793553866565,0.05577836871462229,0.7269592063249751,-0.004031150543480078,-0.008069152829474659
P00010,TORUS_T2_3,gaussian,1.0,0.05,2,1,True,True,OTHER_BRANCH,2.0132023003226783e-16,-2.3365587571678597,2.3365587571678597,2.6890765267103443,2.4641405577039173,-0.11767103585649519,53.396192711706874,0.020018044771591408,12793.827315780592,16731.647296533356,0.8498104378282367,0.2092433058642433,0.05,1.2505826051770817e-05,5675.870903759445,1.3207793553866565,1.769075771542352,0.0890921222962689,0.0,0.0
P00011,TORUS_T2_3,gaussian,1.0,0.05,2,2,True,True,OTHER_BRANCH,4.1386990775691265e-16,-2.6014517858947235,2.6014517858947235,2.415261101992169,2.725085523007486,-0.12363373711276271,50.820960798498525,0.3394911473259223,754.3861158813481,683.0148424271201,-0.7505445525674642,0.0016299325059613912,0.05000000000000001,2.303660406011536e-06,280.01582389705374,1.3207793553866565,1.9696338947796104,0.0936066547440614,0.0,0.0
P00012,TORUS_T2_3,smooth_rankine,-1.0,0.05,1,1,True,True,FAST_SWIRL_LOCKED,0.01058535856366324,-1.3696256426098956,1.3696256426098956,4.587520203846824,1.376254166007484,-0.006628523397588459,947.9012036776529,-1.0775894884062203,237.66695087764248,289.32208059966064,-1.3771720579079045,0.11095582005563394,0.05,0.00038350238990095937,63.329502402033036,1.299188297090765,1.0542164254995667,0.005102049804813914,0.04275495472353355,0.0855704248867726
P00013,TORUS_T2_3,smooth_rankine,-1.0,0.05,1,2,True,True,FAST_SWIRL_LOCKED,0.021938376357172724,-1.2686497611334668,1.2686497611334668,4.952655571042646,1.2988270629825471,-0.029559517613024777,212.560481853433,-0.9045897404701625,283.11995653874277,289.21092422153026,0.8367307645739288,0.00020581048328495837,0.05,3.914380700590755e-07,57.89765902811919,1.299188297090765,0.9764941417455173,0.022752296706502476,0.010471199707828933,0.020944119938698595
P00014,TORUS_T2_3,smooth_rankine,-1.0,0.05,2,1,True,True,OTHER_BRANCH,0.00648331475012496,-2.820647817566806,2.820647817566806,2.2275681735409605,2.82061396778765,6.531613196125718e-05,96196.5309107176,-1.0521748593576945,243.407648196087,280.52319493766186,1.0888678919795776,0.05593264328165647,0.05,0.00019938374706733326,125.93248470224816,1.299188297090765,2.1710846871719838,5.0274569211805335e-05,0.010424785829889977,0.02085354425494304
P00015,TORUS_T2_3,smooth_rankine,-1.0,0.05,2,2,True,True,OTHER_BRANCH,0.025807767069397452,-2.744757351034227,2.744757351034227,2.2891587501576693,2.754282506961862,-0.009525155927635254,659.6412021928412,-1.0076007536548914,254.1754827775994,256.6079250094176,-3.0524624790815276,0.0003655117847142873,0.049999999999999996,3.1137803681932935e-07,112.48575069899712,1.299188297090765,2.112670932443344,0.007331620788891541,0.05883490666419971,0.11781066524841177
P00016,TORUS_T2_3,smooth_rankine,0.0,0.05,1,1,False,False,OTHER_BRANCH,6.668936507604693e-17,-1.4197351991131095,1.4197351991131095,4.425603669687567,1.3261772908746645,0.07333301687723526,85.68016937988642,-0.04040962722735831,nan,nan,nan,nan,nan,nan,nan,1.299188297090765,1.09278632072986,0.056445256658675086,nan,nan
P00017,TORUS_T2_3,smooth_rankine,0.0,0.05,1,2,False,True,OTHER_BRANCH,1.0551299325382488e-16,-1.4244897234567278,1.4244897234567278,4.410832316805024,1.385004327060893,0.040292824270263816,155.9380713805309,-0.028420283155079436,9011.430555065812,9747.830406853738,0.357523378849421,0.04778354167231051,0.05,4.901861660309952e-06,2201.980322693276,1.299188297090765,1.0964459321612938,0.031013844844885362,nan,nan
P00018,TORUS_T2_3,smooth_rankine,0.0,0.05,2,1,False,False,OTHER_BRANCH,3.8738046053405884e-16,-2.839616240801566,2.839616240801566,2.2126881854309897,2.839450391278639,0.0022609984151547025,2778.942817945176,-0.01563543997197141,nan,nan,nan,nan,nan,nan,nan,1.299188297090765,2.1856848981477413,0.0017403161806627192,nan,nan
P00019,TORUS_T2_3,smooth_rankine,0.0,0.05,2,2,True,True,OTHER_BRANCH,8.90391591216107e-16,-2.846085616112746,2.846085616112746,2.2076585720429995,2.8410841737200228,0.005382516682582494,1167.3322495240195,0.14018392098913343,1826.938540456131,1540.6822834818565,1.1383084843583196,0.0011705297467816994,0.05000000000000001,7.320705539593846e-07,697.8806881609806,1.299188297090765,2.1906644498614276,0.004142984273053728,0.0,0.0
P00020,TORUS_T2_3,smooth_rankine,1.0,0.05,1,1,False,False,SLOW_MODE,0.00040465071228825957,-0.05821941054820819,0.05821941054820819,107.922516700454,0.9921135266264837,-0.9342734699556393,6.725210026008681,-0.00847339900769746,30224.87289630174,17103.144107078024,-2.9515345303627174,0.9324323075923968,0.05,5.451817783660398e-05,161.42776488326618,1.299188297090765,0.04481214207253655,0.7191209096077381,nan,nan
P00021,TORUS_T2_3,smooth_rankine,1.0,0.05,1,2,True,True,SLOW_MODE,0.0012562416791646722,-0.06598157353928348,0.06598157353928348,95.22636351554671,1.0145174102215586,-0.9469003897448787,6.635529328351477,0.001699884906731682,150661.61655597913,169335.033377282,-2.0219785214333625,0.3244887556541583,0.05000000000000001,1.91625204489853e-06,1822.3130242884151,1.299188297090765,0.050786767158412766,0.7288399932983121,0.002985211757384047,0.005975160392610307
P00022,TORUS_T2_3,smooth_rankine,1.0,0.05,2,1,False,True,OTHER_BRANCH,1.5045008516545367e-15,-2.6152389948239687,2.6152389948239687,2.4025281511996215,2.691222936788848,-0.07598394196487934,82.69096265213177,0.2614073153437715,979.7254819380373,883.7272578997784,-1.7946196453321026,0.0014022515073212343,0.05,1.5466525005875508e-06,300.181088010681,1.299188297090765,2.0129791814475224,0.05848570383140611,nan,nan
P00023,TORUS_T2_3,smooth_rankine,1.0,0.05,2,2,True,True,OTHER_BRANCH,1.3669464201643414e-16,-2.8677455743979716,2.8677455743979716,2.1909842223359095,2.8581787363346085,0.009566838063363114,656.767185308748,1.0005516171697761,255.96621264952498,275.69919773851177,0.5251438988974424,0.005396684455183053,0.05000000000000001,1.954152651970883e-05,125.8334929699202,1.299188297090765,2.207336365959909,0.0073637040025574885,0.0,0.0
P00024,TORUS_T2_9,gaussian,-1.0,0.05,1,1,False,True,FAST_SWIRL_LOCKED,0.0,-1.0233983794831698,1.0233983794831698,6.139530248575028,1.258401869284642,-0.23500348980147212,26.736561710158174,-0.07515843243737054,5293.755782042507,3404.180846745185,-2.9556763311814995,0.03553835441422918,0.05,1.0439214783394049e-05,554.469268644012,1.3207793553866565,0.7748443184770792,0.17792789449883184,nan,nan
P00025,TORUS_T2_9,gaussian,-1.0,0.05,1,2,True,False,FAST_SWIRL_LOCKED,0.014123442924637845,-1.277599422145097,1.277599422145097,4.917961920043828,1.3451302604550475,-0.0656061618383803,95.7712679894018,-0.43288147857907333,919.120835547376,620.7435027459745,0.880875551728254,0.9232817098532807,0.05,0.0014873803024226815,123.94202972196683,1.3207793553866565,0.9673072318510623,0.04967231019383566,-0.11432836196411648,-0.22967524964742192
P00026,TORUS_T2_9,gaussian,-1.0,0.05,2,1,False,False,OTHER_BRANCH,nan,nan,nan,nan,nan,nan,nan,nan,nan,nan,nan,nan,nan,nan,nan,1.3207793553866565,nan,nan,nan,nan
P00027,TORUS_T2_9,gaussian,-1.0,0.05,2,2,False,False,OTHER_BRANCH,nan,nan,nan,nan,nan,nan,nan,nan,nan,nan,nan,nan,nan,nan,nan,1.3207793553866565,nan,nan,nan,nan
P00028,TORUS_T2_9,gaussian,0.0,0.05,1,1,True,True,OTHER_BRANCH,1.3966633181346086e-18,-1.5880870325879108,1.5880870325879108,3.956448971779997,1.2992506089206295,0.2795097416240051,22.479307056251695,0.02403877042009702,16551.19539524999,15401.408800582018,1.0513729196687023,0.020157960689331823,0.05,1.3086814199448865e-06,3892.735356991843,1.3207793553866565,1.202386322977467,0.21162485655462035,0.0,0.0
P00029,TORUS_T2_9,gaussian,0.0,0.05,1,2,False,False,SLOW_MODE,2.33503087910007e-17,-0.09653537642064691,0.09653537642064691,65.08686804929414,0.8569267667837898,-0.702791238698018,8.940329590362758,-0.04289192973787005,nan,nan,nan,nan,nan,nan,nan,1.3207793553866565,0.07308970724514868,0.532103440163385,nan,nan
P00030,TORUS_T2_9,gaussian,0.0,0.05,2,1,True,True,OTHER_BRANCH,1.3257919627756178e-17,-3.152704759362084,3.152704759362084,1.992950747614858,3.1485090510833724,-0.0021035527034145574,2986.93980758386,-0.047102919858405076,8446.83063131988,8685.346735726996,0.046479814062708326,0.009259683747955712,0.05,1.065519967010056e-06,4358.033807971183,1.3207793553866565,2.3870033601783045,0.001592660193268046,0.0,0.0
P00031,TORUS_T2_9,gaussian,0.0,0.05,2,2,True,True,OTHER_BRANCH,9.305718500745063e-17,-2.9605630927961943,2.9605630927961943,2.1222940063220337,3.04340861322532,-0.08284552042912585,75.84218524591003,-0.06123171105725241,6497.783246863177,5075.867565534914,-1.2428964002469385,0.0003314286460240882,0.049999999999999996,2.179015782661343e-08,2333.177649058098,1.3207793553866565,2.24152738360261,0.06272472392246994,0.0,0.0
P00032,TORUS_T2_9,gaussian,1.0,0.05,1,1,False,False,SLOW_MODE,0.000406918333410772,-0.06510919421902209,0.06510919421902209,96.50227410346159,1.0128338593036394,-0.9482089841899368,6.626371835684901,-0.018166137785244584,21901.759801015658,23937.605118474872,-2.301820586214513,1.0088819829854376,0.05,4.214631866844186e-05,252.4906065697558,1.3207793553866565,0.04929604172981751,0.7179162668789215,nan,nan
P00033,TORUS_T2_9,gaussian,1.0,0.05,1,2,True,False,SLOW_MODE,0.0009433533996919401,-0.06784912981179399,0.06784912981179399,92.60524526413899,1.0265869018429221,-0.9584558286252831,6.555529341598958,0.005448672705932138,73021.52427900609,44071.02673785141,0.7837610764139663,2.069888691535868,0.05,4.696710789793995e-05,490.6104250387664,1.3207793553866565,0.05137052569384781,0.7256744472241515,0.0007870783437888645,0.001575810292774445
P00034,TORUS_T2_9,gaussian,1.0,0.05,2,1,True,True,OTHER_BRANCH,8.394495265824668e-17,-2.132242361518806,2.132242361518806,2.946750060206122,2.2689592300074604,-0.13671686848865416,45.95764499755942,0.09107359581703871,4368.66890689019,2772.7874396936127,0.9301402271135504,0.009028765063964491,0.05,3.2538864094077447e-06,940.9645823506521,1.3207793553866565,1.6143819577605336,0.10351226942719019,0.0,0.0
P00035,TORUS_T2_9,gaussian,1.0,0.05,2,2,True,True,OTHER_BRANCH,1.925405271450708e-16,-2.577677947922287,2.577677947922287,2.4375369747970606,2.699732389072984,-0.13441780753552113,46.74369730007088,0.35948517533526325,1106.7782862353624,1026.3425401656905,-1.021871230508413,0.0021364754088488854,0.05,2.0591830922321978e-06,421.0572191427536,1.3207793553866565,1.9516340389554885,0.10177158432050938,0.0,0.0
P00036,TORUS_T2_9,smooth_rankine,-1.0,0.05,1,1,True,True,FAST_SWIRL_LOCKED,0.011853541434926592,-1.3670411330776737,1.3670411330776737,4.5961933076834365,1.3734519497285884,-0.006410816650914697,980.09125035312,-1.0412670694769366,382.1021503008302,432.64379292855256,-2.816854565659261,0.053890676844145086,0.05000000000000001,0.0001245593150050178,94.52390502104421,1.299188297090765,1.0522270991347824,0.004934478447250683,0.01982715262324563,0.03966288161778831
P00037,TORUS_T2_9,smooth_rankine,-1.0,0.05,1,2,True,False,FAST_SWIRL_LOCKED,0.018517752220180088,-1.2744110671949747,1.2744110671949747,4.9302658058432485,1.3042921192529633,-0.029266090914823684,214.69164862045395,-1.0064027234664221,395.3391391014614,483.4024404794959,-0.44170169329931963,0.357265383751109,0.05,0.0007390638642946994,97.20548375433178,1.299188297090765,0.9809286845091867,0.02252644284154837,-0.008088753504264844,-0.016178717787435695
P00038,TORUS_T2_9,smooth_rankine,-1.0,0.05,2,1,True,True,OTHER_BRANCH,0.01544076386696657,-2.7915149803370634,2.7915149803370634,2.2508155433294212,2.7960032257721545,-0.004488245435091187,1399.9201688157973,-1.0216377899526108,389.4436856168338,390.0085355073169,-2.999757122063692,0.0003603654792707834,0.049999999999999996,4.600407438815139e-07,173.46811309848295,1.299188297090765,2.148660811206522,0.0034546535287776113,0.03516287468365168,0.07035942846602738
P00039,TORUS_T2_9,smooth_rankine,-1.0,0.05,2,2,True,True,OTHER_BRANCH,0.027614680164429105,-2.73967626132478,2.73967626132478,2.2934042959299616,2.7490903933166617,-0.009414131991881902,667.420566505523,-1.0074167222669153,394.9412169665828,395.98458043663834,-1.659719151478747,0.00032663309176579337,0.05,2.399834212543181e-07,173.26304789252478,1.299188297090765,2.1087599599377995,0.0072461644035454265,0.0029871953952478334,0.005974623387641845
P00040,TORUS_T2_9,smooth_rankine,0.0,0.05,1,1,False,False,OTHER_BRANCH,2.5919851990136677e-17,-1.4202508256376103,1.4202508256376103,4.423996940370586,1.3329014636238332,0.02445059015420603,256.97479151024675,-0.04010400298684983,nan,nan,nan,nan,nan,nan,nan,1.299188297090765,1.0931832043268377,0.01881989716883806,nan,nan
P00041,TORUS_T2_9,smooth_rankine,0.0,0.05,1,2,False,False,OTHER_BRANCH,3.6519640414227766e-16,-0.0844131996286692,0.0844131996286692,74.43368258541443,0.9091307546086536,-0.810867974711341,7.748715577793441,0.0702761858898696,nan,nan,nan,nan,nan,nan,nan,1.299188297090765,0.06497379926966186,0.6241342971816282,nan,nan
P00042,TORUS_T2_9,smooth_rankine,0.0,0.05,2,1,True,True,OTHER_BRANCH,1.763273924270424e-16,-2.8337856243635158,2.8337856243635158,2.2172408714194196,2.8364475273445495,-0.0016516585671770834,3804.167175979012,-0.068521859789705,5806.473839233989,4240.554186906077,-2.422851599553426,0.03372891217951334,0.05,7.95355069545532e-06,1912.5365410531083,1.299188297090765,2.1811970063994037,0.0012713003733758955,0.0,0.0
P00043,TORUS_T2_9,smooth_rankine,0.0,0.05,2,2,True,False,OTHER_BRANCH,2.2605635953057608e-16,-2.841715604673731,2.841715604673731,2.2110535258509745,2.828633892732164,0.014378777443132762,436.97632375417334,0.12617230353792602,3153.3892552337047,3304.776591171746,1.4711652736109184,0.33151234644455185,0.05,0.00010031304371408331,1495.3437247925908,1.299188297090765,2.1873008023833824,0.011067508439947268,0.0,0.0
P00044,TORUS_T2_9,smooth_rankine,1.0,0.05,1,1,False,False,SLOW_MODE,0.0004906615666842423,-0.05930438738142829,0.05930438738142829,105.9480686777522,0.9961558983727866,-0.9368515109913583,6.706703499395374,-0.00453529309092321,87727.60179069055,49386.53641398771,-1.0736197281293722,1.508512403704612,0.05,3.054501246023658e-05,466.13909088045773,1.299188297090765,0.04564726107387736,0.7211052570972375,nan,nan
P00045,TORUS_T2_9,smooth_rankine,1.0,0.05,1,2,True,False,SLOW_MODE,0.0010376252741459123,-0.06597573354747262,0.06597573354747262,95.23479269326413,1.0115842394564978,-0.9439763752457152,6.656083215582684,0.011184473226254077,35573.45779599465,44788.261500390254,0.6876911488501962,3.0194121626186603,0.049999999999999996,6.74152566894663e-05,481.9273272579382,1.299188297090765,0.05078227205033341,0.7265893461013575,-0.0008277238380713833,-0.001657026196853776
P00046,TORUS_T2_9,smooth_rankine,1.0,0.05,2,1,False,False,OTHER_BRANCH,2.9480036367035947e-15,-2.138126909240985,2.138126909240985,2.938640021798359,2.3116225209267753,-0.17349561168579042,36.2152405246927,0.300041884448001,nan,nan,nan,nan,nan,nan,nan,1.299188297090765,1.6457405858941547,0.13354154441992291,nan,nan
P00047,TORUS_T2_9,smooth_rankine,1.0,0.05,2,2,True,True,OTHER_BRANCH,3.9299629897163885e-16,-2.642248801394422,2.642248801394422,2.3779688361912377,2.7333942492235845,-0.09114544782916267,68.93581036494983,0.33327253631791764,1193.8289025563215,1145.5970423469757,1.0847809298325222,0.0006052885537650841,0.05,4.5221794807808143e-07,390.75311125013616,1.299188297090765,2.0337689365822746,0.0701556872343001,0.0,0.0
P00048,TWIST_5_2,gaussian,-1.0,0.05,1,1,False,True,FAST_SWIRL_LOCKED,0.0,-1.0233450502386188,1.0233450502386188,6.139850195898737,1.2572675627360117,-0.23392251249739293,26.860113804778035,-0.07090506065212501,4500.894477029486,2476.617829318211,-2.463384691829739,0.028332562695180637,0.05,1.1435875227433052e-05,403.36779405017546,1.3207793553866565,0.774803941373717,0.17710945552212423,nan,nan
P00049,TWIST_5_2,gaussian,-1.0,0.05,1,2,True,True,FAST_SWIRL_LOCKED,0.02302585833772445,-1.3641708365626193,1.3641708365626193,4.605863971562164,1.407952272325206,-0.04378143576258675,143.51254584823042,-0.7140252268693853,446.9536703651633,544.0463600788155,-1.4675300431482035,0.24136111834374893,0.05,0.0004436404548753745,108.3576935163729,1.3207793553866565,1.0328529371684947,0.03314818299061753,0.04892124740448119,0.09792508533512367
P00050,TWIST_5_2,gaussian,-1.0,0.05,2,1,False,False,OTHER_BRANCH,nan,nan,nan,nan,nan,nan,nan,nan,nan,nan,nan,nan,nan,nan,nan,1.3207793553866565,nan,nan,nan,nan
P00051,TWIST_5_2,gaussian,-1.0,0.05,2,2,False,False,OTHER_BRANCH,nan,nan,nan,nan,nan,nan,nan,nan,nan,nan,nan,nan,nan,nan,nan,1.3207793553866565,nan,nan,nan,nan
P00052,TWIST_5_2,gaussian,0.0,0.05,1,1,False,False,OTHER_BRANCH,1.2539167912719448e-19,-1.5787263832689609,1.5787263832689609,3.9799077115373365,1.5248433332764146,0.03602935242567762,174.39073655683157,-0.00011010242098045538,2898539.314946045,2038565.1514252431,-1.098371241697357,93.25975987858207,0.05,4.574774557136774e-05,514989.1019253874,1.3207793553866565,1.1952991064179608,0.02727885795514276,nan,nan
P00053,TWIST_5_2,gaussian,0.0,0.05,1,2,False,False,OTHER_BRANCH,1.1947585676108313e-17,-1.5780721466799421,1.5780721466799421,3.9815577002601485,1.3313248430313422,0.05282003405343727,118.95458645147744,0.02351293191225605,nan,nan,nan,nan,nan,nan,nan,1.3207793553866565,1.1948037650981935,0.03999156546323687,nan,nan
P00054,TWIST_5_2,gaussian,0.0,0.05,2,1,True,True,OTHER_BRANCH,2.8291526630903857e-17,-3.1639271882832065,3.1639271882832065,1.985881764424843,3.1543238020975464,0.009046221951393374,694.5645752381521,0.020436572383962567,15615.9354850048,17159.917561705504,-0.9503645597035172,0.004137079236637496,0.05,2.404010012331954e-07,8669.30074916598,1.3207793553866565,2.395500183569246,0.006849154565067459,0.0,0.0
P00055,TWIST_5_2,gaussian,0.0,0.05,2,2,True,True,OTHER_BRANCH,8.281068382970248e-17,-2.960455701345831,2.960455701345831,2.122370993196498,3.0432099871348566,-0.08275428578902577,75.92579945887,-0.06277583328846159,5083.742885835153,4288.047509865763,0.4583453229811094,0.0003202100593836448,0.05,1.6310358228487366e-08,1970.9851934381732,1.3207793553866565,2.241446074449855,0.0626556475549995,0.0,0.0
P00056,TWIST_5_2,gaussian,1.0,0.05,1,1,False,False,SLOW_MODE,0.00042233401116513773,-0.06510699713573932,0.06510699713573932,96.50553064334991,1.012978436825106,-0.9483558985129502,6.625345312906056,-0.011867352252646603,26891.9459950654,24657.7816978549,-0.3929542609863222,1.5867193461942508,0.05,6.43496375347211e-05,260.08266012536916,1.3207793553866565,0.0492943782549352,0.7180274999341735,nan,nan
P00057,TWIST_5_2,gaussian,1.0,0.05,1,2,True,False,SLOW_MODE,0.001096291899677076,-0.07367317449987419,0.07367317449987419,85.28457406420455,1.035074659884961,-0.9595594325998281,6.5479897270729115,0.0021826260765680523,146216.61461334594,118838.67926254969,-2.4180433088160016,3.899725878986133,0.05,3.28152912028973e-05,1428.2771295193218,1.3207793553866565,0.05578007726983775,0.7265100175032023,-0.01184096138370274,-0.02370416480241327
P00058,TWIST_5_2,gaussian,1.0,0.05,2,1,True,True,OTHER_BRANCH,3.4052486894035447e-16,-2.132034437521842,2.132034437521842,2.947037438327127,2.2655658607841804,-0.13353142326233858,47.0539829028521,0.08088443837119559,3945.5821454555635,2363.3552334158467,1.0581503670723695,0.009390668415577114,0.05,3.970333658528328e-06,801.9427248122762,1.3207793553866565,1.6142245325281386,0.10110047731874748,0.0,0.0
P00059,TWIST_5_2,gaussian,1.0,0.05,2,2,False,True,OTHER_BRANCH,1.7572595138927375e-16,-2.578212025641742,2.578212025641742,2.437032037974317,2.7016329830451173,-0.13565309947102344,46.31803719694384,0.36493860270573386,874.4928421286356,727.5515114396445,-2.941795749893741,0.0015934466674834683,0.05000000000000001,2.147225521534356e-06,298.5399863862241,1.3207793553866565,1.9520384045425767,0.1027068593385995,nan,nan
P00060,TWIST_5_2,smooth_rankine,-1.0,0.05,1,1,True,True,FAST_SWIRL_LOCKED,0.012201192852385499,-1.3662835160208178,1.3662835160208178,4.59874194009075,1.372626488860951,-0.0063429728401331875,990.5742095291164,-1.0240794190371318,311.6322718238503,325.7591940745684,-0.7597285662732286,0.0013301982623906614,0.05,4.033711889383838e-06,71.13265002267948,1.299188297090765,1.0516439526743715,0.004882258294919084,0.022080249669197003,0.04417134214336078
P00061,TWIST_5_2,smooth_rankine,-1.0,0.05,1,2,True,True,FAST_SWIRL_LOCKED,0.02111909454431129,-1.2701262359919012,1.2701262359919012,4.946898291784952,1.3002418486683243,-0.029501406877291858,212.97917530895612,-0.9035069190665017,353.219426600872,358.7372908909115,0.8134909703650414,0.0002499953686270494,0.05,3.5572283631060415e-07,71.89849712143358,1.299188297090765,0.9776306012269802,0.022707568212670563,0.007780121493081688,0.015561292089948324
P00062,TWIST_5_2,smooth_rankine,-1.0,0.05,2,1,True,True,OTHER_BRANCH,0.01126513304488341,-2.7971115685461005,2.7971115685461005,2.246312009086394,2.798555237355732,-0.0024910407945712976,2522.3132920474345,-1.022466954516893,312.12372631972187,313.7761178964648,1.9112597414333041,0.0004061264667298069,0.05,8.264185163723351e-07,139.68501108805535,1.299188297090765,2.1529685687668154,0.0019173824149658779,-0.09788241759338485,-0.19640932970920902
P00063,TWIST_5_2,smooth_rankine,-1.0,0.05,2,2,True,True,OTHER_BRANCH,0.028086547455017524,-2.7381870900407925,2.7381870900407925,2.2946515707536923,2.747563976336698,-0.009376886295905607,670.0716110766026,-1.0073402642198155,316.81072147926204,317.9677165867057,-0.3345192039145829,0.0003216139318829828,0.05000000000000001,2.389830673937783e-07,139.05158913649817,1.299188297090765,2.10761372787327,0.007217495967984777,-0.001506905297319515,-0.00301391894734875
P00064,TWIST_5_2,smooth_rankine,0.0,0.05,1,1,False,False,SLOW_MODE,4.50928115948519e-16,-0.06297909248630128,0.06297909248630128,99.76620905654136,0.6564119229436066,-0.5689685477218364,11.04311535732091,0.012389383063938183,nan,nan,nan,nan,nan,nan,nan,1.299188297090765,0.04847572336306334,0.43794155858385675,nan,nan
P00065,TWIST_5_2,smooth_rankine,0.0,0.05,1,2,False,False,SLOW_MODE,1.893888009447559e-15,-0.07074940221298101,0.07074940221298101,88.80902326587793,0.7023299896182538,-0.6164884218405584,10.191895069855178,-1.5281417194194059e-06,nan,nan,nan,nan,nan,nan,nan,1.299188297090765,0.05445661908393734,0.47451814584617424,nan,nan
P00066,TWIST_5_2,smooth_rankine,0.0,0.05,2,1,True,True,OTHER_BRANCH,2.8449820938573434e-16,-2.815479336268422,2.815479336268422,2.231657404208546,2.8121818984036095,-0.012859606642287691,488.5985615234825,-0.08179040232356755,3901.878298875081,2620.196508673513,2.5259498351491136,0.0009946352349334902,0.05,3.6041000600363997e-07,1162.2950538634373,1.299188297090765,2.167106448367064,0.009898185406290864,0.0,0.0
P00067,TWIST_5_2,smooth_rankine,0.0,0.05,2,2,True,True,OTHER_BRANCH,4.538863657162687e-16,-2.8304864987563105,2.8304864987563105,2.2198252173046433,2.829432021442507,-0.0010707777860581302,5867.870429316588,0.06863775878981107,4649.5719194427475,5292.408223364758,0.3200879646603623,0.0009861769318013666,0.049999999999999996,1.7673632423240674e-07,2360.9694113270775,1.299188297090765,2.178657631918743,0.0008241898333412424,0.0,0.0
P00068,TWIST_5_2,smooth_rankine,1.0,0.05,1,1,False,False,SLOW_MODE,0.0005253054571301247,-0.059304539012697645,0.059304539012697645,105.94779778718622,0.9964754018669013,-0.9371708628542037,6.7044181122360245,-0.0029724210924312465,107365.74191833554,144372.3627358842,1.8256276224529413,3.1484675564970033,0.05,2.180796573697851e-05,1362.6745033991185,1.299188297090765,0.04564737778618895,0.7213510658561068,nan,nan
P00069,TWIST_5_2,smooth_rankine,1.0,0.05,1,2,True,False,SLOW_MODE,0.001204903876262343,-0.06598013994774474,0.06598013994774474,95.22843255797537,1.013786248249373,-0.9461715288142691,6.640640851932629,0.00507460004073989,62888.935742817535,45295.24164620535,3.002350586462461,1.1437189811433668,0.05,2.5250310967521858e-05,487.43191644433057,1.299188297090765,0.05078566370670992,0.7282789807551405,0.008385022818896304,0.016784334154781755
P00070,TWIST_5_2,smooth_rankine,1.0,0.05,2,1,False,False,OTHER_BRANCH,6.524641832839723e-16,-2.1374076806247246,2.1374076806247246,2.939628861698077,2.308691545714769,-0.17128386509004434,36.68287905504994,0.29403865831015474,nan,nan,nan,nan,nan,nan,nan,1.299188297090765,1.6451869874528273,0.13183913792449897,nan,nan
P00071,TWIST_5_2,smooth_rankine,1.0,0.05,2,2,True,True,OTHER_BRANCH,3.335931019391539e-16,-2.84879851930595,2.84879851930595,2.20555622470288,2.848926013764748,-0.00012749445879789434,49282.02657920814,0.3359484556547584,949.9558355182751,907.3368479806652,2.268216026960635,0.0005410229692620243,0.05,4.86165361598384e-07,309.55590578616716,1.299188297090765,2.1927526022865065,9.81339341521079e-05,0.0,0.0
P00072,TRIPLE_GEAR_T3_3,gaussian,-1.0,0.05,1,1,False,False,FAST_SWIRL_LOCKED,0.0,-1.023947157684793,1.023947157684793,6.136239804978073,1.2673079795360704,-0.2433608218512775,25.818392867769663,-0.10592153433836365,nan,nan,nan,nan,nan,nan,nan,1.3207793553866565,0.7752598142216068,0.1842554707254899,nan,nan
P00073,TRIPLE_GEAR_T3_3,gaussian,-1.0,0.05,1,2,True,False,FAST_SWIRL_LOCKED,0.006965086556452191,-1.5452214148564343,1.5452214148564343,4.066203876525588,1.5205330097469634,0.024626572019245563,255.13844567036384,0.08549487971784843,4417.557216385795,3097.1261613904744,-0.8128422925613467,4.704223548466436,0.049999999999999996,0.0015188995518460168,620.1149960031981,1.3207793553866565,1.1699315321324604,0.018645485272622365,-0.03017462618532193,-0.0603759051358149
P00074,TRIPLE_GEAR_T3_3,gaussian,-1.0,0.05,2,1,False,False,OTHER_BRANCH,-4.804038570237541e-16,-2.2944511574504642,2.2944511574504642,2.738426262322926,2.391438224913183,-0.0969870674627189,64.78374356039578,nan,nan,nan,nan,nan,nan,nan,nan,1.3207793553866565,1.737194897915986,0.07343169551156867,nan,nan
P00075,TRIPLE_GEAR_T3_3,gaussian,-1.0,0.05,2,2,False,False,OTHER_BRANCH,nan,nan,nan,nan,nan,nan,nan,nan,nan,nan,nan,nan,nan,nan,nan,1.3207793553866565,nan,nan,nan,nan
P00076,TRIPLE_GEAR_T3_3,gaussian,0.0,0.05,1,1,True,True,OTHER_BRANCH,0.0,-1.5870101813780282,1.5870101813780282,3.959133583959612,1.3534956481055005,0.23621946883022105,26.598930809109238,0.019106837547632077,19766.66844631349,11321.66324868994,2.9171159195091616,0.1111490361305744,0.049999999999999996,9.817338138707592e-06,2859.6315351822277,1.3207793553866565,1.2015710079852309,0.1788485471603,0.0,0.0
P00077,TRIPLE_GEAR_T3_3,gaussian,0.0,0.05,1,2,False,True,OTHER_BRANCH,6.323353828129788e-18,-1.5848114160772335,1.5848114160772335,3.964626480753079,1.530195953774209,0.05461546230302461,115.04407437436674,0.04310899648033398,8761.014027174377,9663.181185812307,2.2019210402489917,0.09096118440822404,0.05000000000000001,9.413116166215124e-06,2441.5511873676705,1.3207793553866565,1.1999062595987366,0.04135093577915291,nan,nan
P00078,TRIPLE_GEAR_T3_3,gaussian,0.0,0.05,2,1,True,True,OTHER_BRANCH,8.722343504541914e-19,-3.1676808340259917,3.1676808340259917,1.9835285296700542,3.1508553370315693,0.02636854385418408,238.28336300726707,-0.0332708659900005,11351.628868786507,14161.87074451417,2.96840755358268,0.05629063436787166,0.05000000000000001,3.974740930023238e-06,7139.736349983278,1.3207793553866565,2.3983421766148494,0.019964382201041235,0.0,0.0
P00079,TRIPLE_GEAR_T3_3,gaussian,0.0,0.05,2,2,True,True,OTHER_BRANCH,2.367771998092811e-17,-3.1582468709774014,3.1582468709774014,1.9894535050184634,3.1252705871456055,0.010079262810858136,623.3774657022406,0.00898399545009594,42039.03763748941,51486.41067894722,-1.3756185847298583,0.05466989361735656,0.05,1.0618141659739333e-06,26016.09715722889,1.3207793553866565,2.391199452124105,0.007631299482196589,0.0,0.0
P00080,TRIPLE_GEAR_T3_3,gaussian,1.0,0.05,1,1,False,False,SLOW_MODE,0.0002330735751998815,-0.06464253053701335,0.06464253053701335,97.19893783523725,1.0111605836878497,-0.9435683743665496,6.658961319467397,-0.008614968081753611,nan,nan,nan,nan,nan,nan,nan,1.3207793553866565,0.0489427172474916,0.7144027278426995,nan,nan
P00081,TRIPLE_GEAR_T3_3,gaussian,1.0,0.05,1,2,True,False,SLOW_MODE,0.0007588068700649438,-0.06785977421859861,0.06785977421859861,92.59071931096298,1.0250451667435394,-0.9565867875672991,6.568337958292721,-0.008696418949576415,43429.200576866504,38531.96461061304,-0.2346999328725176,1.8412453483147977,0.05000000000000001,4.778488039812788e-05,428.988110246344,1.3207793553866565,0.05137858488008601,0.7242593425358769,0.013031028219485982,0.02609798348620695
P00082,TRIPLE_GEAR_T3_3,gaussian,1.0,0.05,2,1,True,True,OTHER_BRANCH,2.08018187923537e-16,-2.1314607453922028,2.1314607453922028,2.947830646547253,2.2503370341373254,-0.11887628874512268,52.85482389722884,0.025342002596139727,14903.262732644007,15891.153029698606,1.1367659791508715,0.18004180472890713,0.05,1.1329670814955658e-05,5390.795786831126,1.3207793553866565,1.6137901737328566,0.09000465388885626,0.0,0.0
P00083,TRIPLE_GEAR_T3_3,gaussian,1.0,0.05,2,2,True,True,OTHER_BRANCH,3.565173512587154e-16,-2.5994836715168823,2.5994836715168823,2.417089738252961,2.716316235771672,-0.1168325642547896,53.779400865302875,0.10522552169214641,3589.229274306417,2289.5654026488255,0.7622889542259783,0.00563193721984172,0.05,2.4560297797934607e-06,777.1116419375626,1.3207793553866565,1.968143778834192,0.08845729135476002,0.0,0.0
P00084,TRIPLE_GEAR_T3_3,smooth_rankine,-1.0,0.05,1,1,True,False,FAST_SWIRL_LOCKED,0.00833015371984599,-1.378937461896333,1.378937461896333,4.5565411636136615,1.3850397614040473,-0.006102299507714237,1029.6422355600018,-1.0415286393363077,362.6194312835071,462.4899163385754,-2.9263972690153928,0.10369685009493117,0.05,0.00022421328617219414,101.50021688200617,1.299188297090765,1.0613838386507544,0.004697009295249149,0.00674336937304738,0.013488556896692499
P00085,TRIPLE_GEAR_T3_3,smooth_rankine,-1.0,0.05,1,2,True,True,FAST_SWIRL_LOCKED,0.016114801551898348,-1.3285763877622163,1.3285763877622163,4.729261610439013,1.3426401634097065,-0.014063775647490173,446.7637613588415,-0.9742982924935745,387.641573193158,389.57538782624033,-2.3323624173978543,0.0003074037082159375,0.05,4.6121363793662875e-07,82.37552072956191,1.299188297090765,1.0226203474409823,0.010825047977250703,-0.010117668109927987,-0.020237257429090313
P00086,TRIPLE_GEAR_T3_3,smooth_rankine,-1.0,0.05,2,1,True,True,OTHER_BRANCH,0.006651280510138727,-2.819809161422685,2.819809161422685,2.228230687785097,2.8197130538888944,0.0001481140914210144,42421.25274441058,-1.0474858710336439,360.5571524214729,385.20413926239564,0.6325104584171651,0.06623610688564921,0.05,0.00017194876421710052,172.87444310593162,1.299188297090765,2.170439164004942,0.00011400509976319985,0.022226352098139175,0.04446679331750717
P00087,TRIPLE_GEAR_T3_3,smooth_rankine,-1.0,0.05,2,2,True,True,OTHER_BRANCH,0.01763605161852844,-2.761406096398489,2.761406096398489,2.2753572230373176,2.7696043499178544,-0.008198253519365206,766.4053438135315,-1.0075507269673327,374.8481468505378,378.02784944967124,-0.8620532079385745,0.0003903153918086028,0.05,6.186933976303289e-07,166.14000018205988,1.299188297090765,2.125485660994658,0.00631028892249362,-0.019658861713873228,-0.039324954198636033
P00088,TRIPLE_GEAR_T3_3,smooth_rankine,0.0,0.05,1,1,False,False,FAST_SWIRL_LOCKED,1.2881508043335827e-17,-1.413723920694818,1.413723920694818,4.444421725630505,1.2926697958558377,0.025830320152920194,243.24844872157936,0.05853037616086252,nan,nan,nan,nan,nan,nan,nan,1.299188297090765,1.088159371401766,0.019881891032086176,nan,nan
P00089,TRIPLE_GEAR_T3_3,smooth_rankine,0.0,0.05,1,2,False,False,FAST_SWIRL_LOCKED,3.963429367672847e-17,-1.42098875632263,1.42098875632263,4.4216995238159456,1.3191070581102027,0.09351186081364404,67.19131939531273,0.07288585423114324,5181.780838623133,4905.837195453962,-2.729189993602139,0.4142780291213173,0.05,8.444591507404374e-05,1109.4913096266212,1.299188297090765,1.0937511979630736,0.07197714220720927,nan,nan
P00090,TRIPLE_GEAR_T3_3,smooth_rankine,0.0,0.05,2,1,True,False,OTHER_BRANCH,2.2386955440646165e-16,-2.840650273146419,2.840650273146419,2.2118827391659432,2.8382848772497833,0.007005860189476465,896.8470876163911,-0.029157721455850293,12952.950505185592,18280.102424007127,-2.5010148941383585,2.447051365163947,0.05000000000000001,0.00013386420318983145,8264.498881572803,1.299188297090765,2.186480804597305,0.005392490222675563,0.0,0.0
P00091,TRIPLE_GEAR_T3_3,smooth_rankine,0.0,0.05,2,2,True,True,OTHER_BRANCH,3.378864856921446e-16,-2.835659276010816,2.835659276010816,2.2157758375042587,2.8276649413529755,0.01382365836849253,454.5240586602233,0.04369242543311573,8644.027405614419,8662.137769754756,-0.6733438606343674,0.013730379118115556,0.05,1.5841759625611196e-06,3920.024940750828,1.299188297090765,2.182639177369921,0.010640226978219747,0.0,0.0
P00092,TRIPLE_GEAR_T3_3,smooth_rankine,1.0,0.05,1,1,False,False,SLOW_MODE,0.00030987050810321045,-0.05930246881343744,0.05930246881343744,105.95149633561073,0.9933245512812037,-0.9331322996063973,6.733434594247658,-0.02304817758077891,nan,nan,nan,nan,nan,nan,nan,1.299188297090765,0.04564578433028665,0.7182425378183698,nan,nan
P00093,TRIPLE_GEAR_T3_3,smooth_rankine,1.0,0.05,1,2,True,False,SLOW_MODE,0.0008528320158848494,-0.06075376026751023,0.06075376026751023,103.42051717479774,1.0047709085239416,-0.9428688076211151,6.6639019727805415,0.007466422425673584,50583.59965851309,39561.39236110783,-2.856490418372377,1.8226734512947846,0.05,4.607202415523333e-05,394.24812846048115,1.299188297090765,0.046762859859155424,0.7257368387111045,-0.005013539854367074,-0.010038745271089073
P00094,TRIPLE_GEAR_T3_3,smooth_rankine,1.0,0.05,2,1,False,True,OTHER_BRANCH,6.295691800802204e-16,-2.7598586987121165,2.7598586987121165,2.276632970416791,2.7968673493724583,-0.03700865066034176,169.77612517801435,0.2640554257937438,1430.3001793139638,1176.6603326394452,2.2114223350740603,0.001759973692929281,0.05,1.4718136219660637e-06,399.7237989503496,1.299188297090765,2.1242946114063592,0.02848597908649128,nan,nan
P00095,TRIPLE_GEAR_T3_3,smooth_rankine,1.0,0.05,2,2,True,True,OTHER_BRANCH,2.1867887188484017e-16,-2.6023310000168527,2.6023310000168527,2.4144450906279395,2.6876298353708026,-0.08529883535394989,73.660856928554,0.5628882322190821,670.9653910736231,624.7227629937508,1.2960405037998863,0.001482278303401293,0.05,2.3189675709302387e-06,258.7438270676412,1.299188297090765,2.00304375112074,0.06565548315433345,0.0,0.0
