blind_id,source,topology_class,components,status,component_count,core_radius_norm,thickness_norm,core_clearance_radii,shape_velocity_ratio,normalized_growth,jacobian_convergence,nearest_self_distance,nearest_inter_distance,nearest_relevant_rate,TBK_block_diagonal_growth_penalty,ringdown_max_recurrence,ringdown_core_event,linking_drift_max,rpo_found,floquet_valid,floquet_rho_non,analysis_scope,jacobian_reference_eps,jacobian_convergence_eps_count,jacobian_robustness_eps_count,jacobian_robustness_relative_drift_max,dominant_kmax_boundary_weight,dominant_kelvin_k,kmax_basis_present,min_component_nyquist_k,spectral_nyquist_fraction,spectral_nyquist_safe,reduced_mode_count,spectral_extension_fast_path
B01,knotplot:knot_10.1,knot,1,LINEAR_FAIL,1,0.06442574492875232,0.07158416103194702,0.7426497253681176,0.513351066897643,0.05782667484867238,0.07532155907562735,0.1431695892482137,inf,0.18923418539804862,nan,nan,False,0.0,False,False,nan,linear_convergence_only,0.004,4,0,0.0,0.0047896716232543254,14,True,360,0.08888888888888889,True,127,True
B02,fremlin:8_14:knot.8_14d,knot,1,LINEAR_FAIL,1,0.02519187931200756,0.02799097701334173,1.1111111111111112,0.8719674225048539,0.9999999999999665,0.15316771294864837,1.8705538476562058e-14,inf,-0.20293022669560962,nan,nan,False,0.0,False,False,nan,linear_convergence_only,0.004,4,0,0.0,0.0021987774373791423,2,True,360,0.08888888888888889,True,127,True
B03,fremlin:15331:knot.15331,knot,1,LINEAR_FAIL,1,0.011280989960755432,0.012534433289728258,1.1111111111111112,0.5145017784090531,0.09567468898402845,0.5211577902244762,4.615798956820346e-17,inf,-8.169703373969934e-14,nan,nan,False,0.0,False,False,nan,linear_convergence_only,0.004,4,0,0.0,0.008864336767832777,14,True,360,0.08888888888888889,True,127,True
B04,fremlin:6_3:knot.6_3d,knot,1,LINEAR_FAIL,1,0.03280760834087177,0.03645289815652419,1.111111111111111,0.5336928492251796,0.37362220397913815,0.09399114677455185,2.6588050055603613e-14,inf,-0.5010612427151215,nan,nan,False,0.0,False,False,nan,linear_convergence_only,0.004,4,0,0.0,0.0002965210431951506,7,True,360,0.08888888888888889,True,127,True
B05,fremlin:8_11:knot.8_11d,knot,1,LINEAR_FAIL,1,0.0265711089390462,0.029523454376718,1.1111111111111112,0.60364772143026,0.20789822296821744,0.14971849598977707,1.1148340100961072e-14,inf,0.20879438190608193,nan,nan,False,0.0,False,False,nan,linear_convergence_only,0.004,4,0,0.0,0.01785780339321282,5,True,360,0.08888888888888889,True,127,True
B06,fremlin:5_1:knot.5_1,knot,1,LINEAR_FAIL,1,0.1075559687748924,0.11950663197210266,1.1111111111111112,0.33491743342464886,0.1609435616533115,0.02062467043872947,0.23901326394420533,inf,0.4454624062120679,nan,nan,False,0.0,False,False,nan,linear_convergence_only,0.004,4,0,0.0,0.0009516743388950154,7,True,360,0.08888888888888889,True,127,True
B07,knotplot:torus_2.11,torus_knot,1,LINEAR_FAIL,1,0.05833578811885313,0.06481754235428125,0.7225812329402115,0.3404981906650139,0.30845684846851545,0.01879558291907705,0.1296373666069957,inf,-0.11727273858556247,nan,nan,False,0.0,False,False,nan,linear_convergence_only,0.004,4,0,0.0,1.339442432041571e-07,3,True,360,0.08888888888888889,True,127,True
B08,fremlin:8_19:knot.8_19u,knot,1,LINEAR_FAIL,1,0.07173270953550862,0.07970301059500957,1.1111111111111112,0.4911200917886451,0.1308470124164006,0.030795012407124272,0.15940602119001915,inf,0.19426859548258463,nan,nan,False,0.0,False,False,nan,linear_convergence_only,0.004,4,0,0.0,2.3169018717562196e-27,3,True,360,0.08888888888888889,True,127,True
B09,knotplot:knot_10.123,knot,1,LINEAR_FAIL,1,0.06114520010225655,0.0679391112247295,0.7038414012736248,0.18374290984474803,0.09397707947732027,0.0802294001508656,0.1358822855084465,inf,-0.03502994836154766,nan,nan,False,0.0,False,False,nan,linear_convergence_only,0.004,4,0,0.0,0.0036890641489871062,4,True,360,0.08888888888888889,True,127,True
B10,knotplot:knot_0.1,unknot,1,LINEAR_FAIL,1,0.8961530475941017,0.9957256084378908,0.4610862107666405,0.0001135808537236682,0.3089980629912664,0.030712073466152946,0.5260300012048048,inf,0.0,nan,nan,False,0.0,False,False,nan,linear_convergence_only,0.004,4,0,0.0,1.9940991356243182e-09,2,True,360,0.08888888888888889,True,127,True
B100,fremlin:8_16:knot.8_16,knot,1,LINEAR_FAIL,1,0.01525498621276673,0.01694998468085192,1.1111111111111112,0.7356493821853011,0.23385191581490428,0.24100422404778218,0.004567369625852662,inf,-0.10614638748603528,nan,nan,False,0.0,False,False,nan,linear_convergence_only,0.004,4,0,0.0,0.018518977563316864,3,True,360,0.08888888888888889,True,127,True
B101,fremlin:3_1:knot.3_1u,knot,1,LINEAR_PASS,1,0.12758157115741287,0.1417573012860143,1.1111111111111112,0.4903994299081207,0.10250683542865201,0.029153929825550807,0.2835146025720286,inf,-0.1263010274496611,nan,nan,False,0.0,False,False,nan,linear_convergence_only,0.004,4,0,0.0,0.00010448599278931045,2,True,360,0.08888888888888889,True,127,True
B102,knotplot:knot_7.4,knot,1,LINEAR_FAIL,1,0.08794087529561379,0.0977120836617931,0.6484408837585619,0.47617248031653514,0.03086414480019376,0.09855754329790392,0.19542589796397844,inf,0.011249577633296443,nan,nan,False,0.0,False,False,nan,linear_convergence_only,0.004,4,0,0.0,0.008773001512825547,14,True,360,0.08888888888888889,True,127,True
B103,fremlin:8_2:knot.8_2,knot,1,LINEAR_PASS,1,0.059789176298927015,0.0664324181099189,1.111111111111111,0.36575859227906193,0.06350664910390809,0.07869123504905423,0.1328648362198378,inf,0.06577265206745297,nan,nan,False,0.0,False,False,nan,linear_convergence_only,0.004,4,0,0.0,0.017897252174462062,4,True,360,0.08888888888888889,True,127,True
B104,fremlin:6_3:knot.6_3z,knot,1,LINEAR_FAIL,1,0.0774350004738845,0.08603888941542723,1.1111111111111112,0.3238083874608735,0.17951041168885792,0.030947496078038175,0.17207777883085446,inf,-0.722929364760992,nan,nan,False,0.0,False,False,nan,linear_convergence_only,0.004,4,0,0.0,6.9113176267135445e-28,5,True,360,0.08888888888888889,True,127,True
B105,fremlin:3_1:knot.3_1p,knot,1,LINEAR_PASS,1,0.14554124204031058,0.16171249115590064,1.1111111111111112,0.30453939602151653,0.06238258091499539,0.028816502718051862,0.3234249823118013,inf,-0.058242849773796124,nan,nan,False,0.0,False,False,nan,linear_convergence_only,0.004,4,0,0.0,1.858038064776874e-27,3,True,360,0.08888888888888889,True,127,True
B106,fremlin:8_5:knot.8_5,knot,1,LINEAR_FAIL,1,0.048597190225963934,0.05399687802884882,1.1111111111111112,0.4445678513708165,0.1473812817682891,0.0528443091454587,0.1409062679840633,inf,-0.10141655618852274,nan,nan,False,0.0,False,False,nan,linear_convergence_only,0.004,4,0,0.0,0.024214217589164814,4,True,360,0.08888888888888889,True,127,True
B107,fremlin:8_10:knot.8_10s,knot,1,LINEAR_FAIL,1,0.055350470174139126,0.06150052241571014,1.1111111111111112,0.33812924405790845,0.12339641959216244,0.07175588249484861,0.12300104483142028,inf,-0.6623397920592782,nan,nan,False,0.0,False,False,nan,linear_convergence_only,0.004,4,0,0.0,0.018919621020970855,10,True,360,0.08888888888888889,True,127,True
B108,fremlin:10_1:knot.10_1,knot,1,LINEAR_FAIL,1,0.01921163483648789,0.02134626092943099,1.1111111111111112,0.616374015920392,0.4130694071549524,0.09664885501030439,0.004369135652595731,inf,0.609655860797338,nan,nan,False,0.0,False,False,nan,linear_convergence_only,0.004,4,0,0.0,0.03502156307222344,12,True,360,0.08888888888888889,True,127,True
B109,fremlin:7_5:knot.7_5d,knot,1,LINEAR_FAIL,1,0.012436536923121248,0.013818374359023609,1.1111111111111112,0.8950052829501712,0.39312083542993337,0.3343492643072172,1.262715246531271e-15,inf,0.22264848324074718,nan,nan,False,0.0,False,False,nan,linear_convergence_only,0.004,4,0,0.0,0.0006375964455496119,13,True,360,0.08888888888888889,True,127,True
B11,fremlin:8_2:knot.8_2d,knot,1,LINEAR_FAIL,1,0.02300400210309074,0.025560002336767487,1.111111111111111,0.561867212385872,0.36116359693940475,0.1140862926033314,9.71340326664067e-15,inf,0.23386623094175668,nan,nan,False,0.0,False,False,nan,linear_convergence_only,0.004,4,0,0.0,0.00282331967118755,28,True,360,0.08888888888888889,True,127,True
B110,fremlin:8_12:knot.8_12d,knot,1,LINEAR_FAIL,1,0.0001617932050865029,0.00017977022787389211,1.1111111111111112,0.9662410063199448,0.3394784327778859,0.6549777037160226,1.4902489359300866e-14,inf,-1.283237978123161,nan,nan,False,0.0,False,False,nan,linear_convergence_only,0.004,4,0,0.0,0.003276066930981328,15,True,360,0.08888888888888889,True,127,True
B111,knotplot:knot_6.2,knot,1,LINEAR_FAIL,1,0.09912847390585834,0.11014274878428704,0.6517578365549246,0.29624688705902263,0.05618147632234173,0.08392231908068395,0.22028744956619078,inf,-0.5725790901858641,nan,nan,False,0.0,False,False,nan,linear_convergence_only,0.004,4,0,0.0,0.013803503170790349,3,True,360,0.08888888888888889,True,127,True
B112,knotplot:link_2.2.1,link,2,LINEAR_PASS,2,0.08543019852161014,0.09492244280178905,1.1112018641001065,0.29006847093338123,0.005876162643667556,0.12026421045607819,0.26612973832794934,0.1898603916953107,0.00579856138818057,nan,nan,False,0.0,False,False,nan,linear_convergence_only,0.004,4,0,0.0,0.008077449250161382,5,True,180,0.17777777777777778,True,254,True
B113,fremlin:8_8:knot.8_8d,knot,1,LINEAR_FAIL,1,0.0011826783451477016,0.001314087050164113,1.1111111111111112,0.9878722748066059,0.20327893292737298,0.5914060594522745,1.0968707118257839e-14,inf,-0.06763951381140294,nan,nan,False,0.0,False,False,nan,linear_convergence_only,0.004,4,0,0.0,0.07590309755963136,10,True,360,0.08888888888888889,True,127,True
B114,fremlin:8_15:knot.8_15p,knot,1,LINEAR_FAIL,1,0.016503877790517898,0.01833764198946433,1.1111111111111112,0.706049764903885,0.41209782977581294,0.18956301367304376,0.0007263221381710139,inf,-1.9094591380847151e-13,nan,nan,False,0.0,False,False,nan,linear_convergence_only,0.004,4,0,0.0,0.0014614725099303047,2,True,360,0.08888888888888889,True,127,True
B115,fremlin:8_6:knot.8_6,knot,1,LINEAR_FAIL,1,0.03814584846192294,0.04238427606880327,1.1111111111111112,0.5357916120774422,0.1568500574241665,0.03639201489751405,0.10803519042931585,inf,5.818232410533284e-13,nan,nan,False,0.0,False,False,nan,linear_convergence_only,0.004,4,0,0.0,0.003424737036966702,8,True,360,0.08888888888888889,True,127,True
B116,fremlin:8_20:knot.8_20r,knot,1,LINEAR_FAIL,1,0.017944757045856324,0.01993861893984036,1.1111111111111112,0.7391256830115762,1.0,0.08424155863133417,0.02300995160685726,inf,-0.0015821521574297948,nan,nan,False,0.0,False,False,nan,linear_convergence_only,0.004,4,0,0.0,0.010652899938237183,11,True,360,0.08888888888888889,True,127,True
B117,fremlin:7_1:knot.7_1,knot,1,LINEAR_FAIL,1,0.08672326641021283,0.09635918490023647,1.111111111111111,0.3300084735668485,0.18212540921424994,0.019276160402050255,0.19271836980047294,inf,-0.1837881785498726,nan,nan,False,0.0,False,False,nan,linear_convergence_only,0.004,4,0,0.0,1.4477798301840927e-13,2,True,360,0.08888888888888889,True,127,True
B118,fremlin:8_3:knot.8_3,knot,1,LINEAR_FAIL,1,0.04135390151909027,0.045948779465655856,1.1111111111111112,0.47841299107042756,0.4539502084875617,0.043016055476860195,0.09189755893131171,inf,-0.40088198498259797,nan,nan,False,0.0,False,False,nan,linear_convergence_only,0.004,4,0,0.0,0.0012306151374288934,6,True,360,0.08888888888888889,True,127,True
B119,fremlin:8_15:knot.8_15,knot,1,LINEAR_FAIL,1,0.015651463517359892,0.017390515019288767,1.111111111111111,0.5173595069011178,0.508805818149329,0.13497242446691812,0.005503556512481235,inf,-0.20758493094149022,nan,nan,False,0.0,False,False,nan,linear_convergence_only,0.004,4,0,0.0,0.004500098720198694,14,True,360,0.08888888888888889,True,127,True
B12,knotplot:link_9.2.40,link,2,LINEAR_FAIL,2,0.05877142905684421,0.06530158784093801,1.1111167611891355,0.5716943377281579,0.029161444700779054,0.2283392156066162,0.13060383980819557,0.13060398586808264,-1.2450085132493003,nan,nan,False,0.0,False,False,nan,linear_convergence_only,0.004,4,0,0.0,0.002716845125569296,3,True,142,0.22535211267605634,True,254,True
B120,fremlin:5_2:knot.5_2d,knot,1,LINEAR_FAIL,1,0.01628525568292327,0.01809472853658141,1.1111111111111112,0.76579706809777,0.30579245904505004,0.25375656343210556,7.7694249093867e-15,inf,0.6311882890690258,nan,nan,False,0.0,False,False,nan,linear_convergence_only,0.004,4,0,0.0,0.023854227627469922,6,True,360,0.08888888888888889,True,127,True
B121,fremlin:7_2:knot.7_2r,knot,1,LINEAR_FAIL,1,0.01577882655258109,0.017532029502867877,1.111111111111111,0.6950734399423909,0.7154322326040711,0.10810324567417866,0.010367230354844688,inf,0.04623349961014278,nan,nan,False,0.0,False,False,nan,linear_convergence_only,0.004,4,0,0.0,0.0029176075301609724,2,True,360,0.08888888888888889,True,127,True
B122,knotplot:torus_2.9,torus_knot,1,LINEAR_FAIL,1,0.0703040298222884,0.07811558869143155,0.7259736011609473,0.33879153677121887,0.2351930134331548,0.01845271992874747,0.15623346977124447,inf,0.3854514430223457,nan,nan,False,0.0,False,False,nan,linear_convergence_only,0.004,4,0,0.0,7.400031020981406e-07,2,True,360,0.08888888888888889,True,127,True
B123,knotplot:link_4.2.1,link,2,LINEAR_FAIL,2,0.12241819434358522,0.13602021593731692,1.111113305382073,0.6831685985809998,0.03118392890985366,0.1882024381704082,0.24341975089175313,0.2720409691120119,-0.7485875943253693,nan,nan,False,0.0,False,False,nan,linear_convergence_only,0.004,4,0,0.0,4.870065881235211e-05,3,True,173,0.18497109826589594,True,254,True
B124,knotplot:link_6.3.1,link,3,LINEAR_FAIL,3,0.08411955256946547,0.0934661695216283,1.043466497647431,0.46715646949031214,0.028973534733106526,0.31181277490458514,0.1427239645054247,0.186939557765423,0.525475845809019,nan,nan,False,0.0,False,False,nan,linear_convergence_only,0.004,4,0,0.0,0.004160998598340706,2,True,105,0.3047619047619048,True,381,True
B125,fremlin:1_1:knot.1_1,unknot,1,LINEAR_FAIL,1,0.8972284460911493,0.9969204956568325,1.1111111111111112,6.07112465825156e-09,0.310691772365006,0.015548268508559972,0.5260640968175084,inf,0.0,nan,nan,False,0.0,False,False,nan,linear_convergence_only,0.004,4,0,0.0,1.3320093538021978e-27,2,True,360,0.08888888888888889,True,127,True
B126,fremlin:7_4:knot.7_4,knot,1,LINEAR_FAIL,1,0.024455406428999783,0.027172673809999756,1.111111111111111,0.9269991408629398,0.9935365516397614,0.10584540387331436,3.114680500523854e-16,inf,-0.14316610290427242,nan,nan,False,0.0,False,False,nan,linear_convergence_only,0.004,4,0,0.0,0.02280850450342752,23,True,360,0.08888888888888889,True,127,True
B127,fremlin:7_1:knot.7_1p,knot,1,LINEAR_FAIL,1,0.05835220562639228,0.06483578402932476,1.1111111111111112,0.2646870283135243,0.18601747702779273,0.030784662813986525,0.12967156805864952,inf,-0.13918785872081185,nan,nan,False,0.0,False,False,nan,linear_convergence_only,0.004,4,0,0.0,1.1523307239130576e-06,3,True,360,0.08888888888888889,True,127,True
B13,fremlin:8_15:knot.8_15d,knot,1,LINEAR_FAIL,1,0.03486749052451681,0.03874165613835202,1.1111111111111112,0.680490991331263,0.8020368060999928,0.06056576000375336,3.3631113834009025e-15,inf,0.3048939138185838,nan,nan,False,0.0,False,False,nan,linear_convergence_only,0.004,4,0,0.0,0.029993580753184288,3,True,360,0.08888888888888889,True,127,True
B14,fremlin:9_2:knot.9_2,knot,1,LINEAR_FAIL,1,0.014976794517758983,0.01664088279750998,1.1111111111111112,0.8370583828786723,0.8966984115243728,0.1640542393802996,0.0031093909389314565,inf,-0.4020844408416868,nan,nan,False,0.0,False,False,nan,linear_convergence_only,0.004,4,0,0.0,0.00997460859598763,11,True,360,0.08888888888888889,True,127,True
B15,fremlin:8_17:knot.8_17,knot,1,LINEAR_FAIL,1,0.05483214424225107,0.0609246047136123,1.1111111111111112,0.4227831838335932,0.13337248433551346,0.03518485264362741,0.1218492094272246,inf,0.3429641525383993,nan,nan,False,0.0,False,False,nan,linear_convergence_only,0.004,4,0,0.0,0.017493221053583446,7,True,360,0.08888888888888889,True,127,True
B16,knotplot:knot_8.1,knot,1,LINEAR_FAIL,1,0.07670971388195873,0.08523301542439858,0.7286987734121665,0.474665237809667,0.0652721927130443,0.06113896165834391,0.17047114093262022,inf,-0.24974143638594387,nan,nan,False,0.0,False,False,nan,linear_convergence_only,0.004,4,0,0.0,0.015169033183376774,2,True,360,0.08888888888888889,True,127,True
B17,fremlin:8_3:knot.8_3z,knot,1,LINEAR_FAIL,1,0.0589558480095508,0.06550649778838978,1.1111111111111112,0.7225940940732124,0.1334970030226816,0.035044096968036835,0.13101299557677956,inf,0.345281342858039,nan,nan,False,0.0,False,False,nan,linear_convergence_only,0.004,4,0,0.0,0.013514230353323775,8,True,360,0.08888888888888889,True,127,True
B18,fremlin:5_2:knot.5_2r,knot,1,LINEAR_FAIL,1,0.02609748443087674,0.02899720492319638,1.1111111111111112,0.6442593295669174,0.6686323745886801,0.05383137308248553,0.00754759966812704,inf,0.011173540063924237,nan,nan,False,0.0,False,False,nan,linear_convergence_only,0.004,4,0,0.0,0.0007027009664492952,6,True,360,0.08888888888888889,True,127,True
B19,knotplot:knot_9.1,knot,1,LINEAR_FAIL,1,0.07030522286222533,0.07811691429136147,0.7253018281761305,0.33879991934529113,0.23519442318987718,0.018454425113778074,0.15623564366708068,inf,0.3553159777958903,nan,nan,False,0.0,False,False,nan,linear_convergence_only,0.004,4,0,0.0,7.016327338130976e-07,2,True,360,0.08888888888888889,True,127,True
B20,knotplot:knot_8.17,knot,1,LINEAR_FAIL,1,0.07547861606894735,0.08386512896549705,0.7158688185536375,0.20176039166849952,0.06812176748494843,0.08917670746685268,0.16773327783579975,inf,-0.06305911466977662,nan,nan,False,0.0,False,False,nan,linear_convergence_only,0.004,4,0,0.0,0.009853145788531656,2,True,360,0.08888888888888889,True,127,True
B21,fremlin:7_3:knot.7_3,knot,1,LINEAR_PASS,1,0.06514246086129193,0.07238051206810214,1.1111111111111112,0.36215704725560927,0.08361579930948165,0.03769979519483314,0.14476102413620429,inf,-9.069706150092251e-14,nan,nan,False,0.0,False,False,nan,linear_convergence_only,0.004,4,0,0.0,0.00296120817137711,7,True,360,0.08888888888888889,True,127,True
B22,fremlin:8_7:knot.8_7s,knot,1,LINEAR_PASS,1,0.049726845408067676,0.05525205045340853,1.1111111111111112,0.42533576872507617,0.11815407636584496,0.04096949947994478,0.1359411327834452,inf,-0.3199858589398662,nan,nan,False,0.0,False,False,nan,linear_convergence_only,0.004,4,0,0.0,0.013022085620738632,4,True,360,0.08888888888888889,True,127,True
B23,fremlin:8_13:knot.8_13p,knot,1,LINEAR_FAIL,1,0.010866023991279549,0.01207335999031061,1.1111111111111112,0.7657912359131263,0.6378073481082421,0.407409943149907,0.00036466158074512436,inf,7.202318023892791e-13,nan,nan,False,0.0,False,False,nan,linear_convergence_only,0.004,4,0,0.0,0.059925559372954,29,True,360,0.08888888888888889,True,127,True
B24,knotplot:torus_2.8,torus_link,2,LINEAR_FAIL,2,0.07831089551607924,0.08701210612897693,1.1111121485501108,0.33753554585228324,0.08538482124105518,0.15511589167751083,0.23869368160619647,0.17402437474350807,4.63699569447745e-05,nan,nan,False,0.0,False,False,nan,linear_convergence_only,0.004,4,0,0.0,7.047633284020254e-05,4,True,180,0.17777777777777778,True,254,True
B25,fremlin:3_1:knot.3_1,knot,1,LINEAR_PASS,1,0.16551439516461458,0.18390488351623843,1.1111111111111112,0.3426926660022589,0.07971681275127966,0.025054882424440216,0.36780976703247686,inf,-0.2574681639609442,nan,nan,False,0.0,False,False,nan,linear_convergence_only,0.004,4,0,0.0,3.1657282548874352e-28,3,True,360,0.08888888888888889,True,127,True
B26,fremlin:8_19:knot.8_19t,knot,1,LINEAR_FAIL,1,0.08747917851033622,0.0971990872337069,1.111111111111111,0.4351752312004025,0.12669808958368198,0.03197426249625731,0.1943981744674138,inf,-0.23414128246291668,nan,nan,False,0.0,False,False,nan,linear_convergence_only,0.004,4,0,0.0,0.004157773235178798,4,True,360,0.08888888888888889,True,127,True
B27,fremlin:4_1:knot.4_1,knot,1,LINEAR_PASS,1,0.12155746341585445,0.13506384823983827,1.1111111111111112,0.46601111483940355,0.098806480635727,0.04394650631035846,0.27012769647967655,inf,-0.053603660855672114,nan,nan,False,0.0,False,False,nan,linear_convergence_only,0.004,4,0,0.0,0.006291083314978768,4,True,360,0.08888888888888889,True,127,True
B28,knotplot:torus_2.5,torus_knot,1,LINEAR_FAIL,1,0.11730888136643879,0.1303432015182653,0.6209413070159477,0.3316671769140421,0.11631289837305428,0.023526147232181285,0.2606869434865024,inf,-0.09130577992070577,nan,nan,False,0.0,False,False,nan,linear_convergence_only,0.004,4,0,0.0,1.7722259593685937e-10,5,True,360,0.08888888888888889,True,127,True
B29,knotplot:link_9.2.20,link,2,LINEAR_FAIL,2,0.05769931035977658,0.0641103448441962,1.1111142532192577,0.5649111813548302,0.023989823313032742,0.22442128369170994,0.12822105228333866,0.12822553386060806,-0.6535991603814505,nan,nan,False,0.0,False,False,nan,linear_convergence_only,0.004,4,0,0.0,0.0018603939019636332,4,True,143,0.22377622377622378,True,254,True
B30,knotplot:link_0.3.1,unlink,3,LINEAR_FAIL,3,0.16037489319598833,0.17819432577332037,1.5551996927771266,0.2523349067426753,0.12529264702533674,0.08878521738552418,0.18048221934865286,1.4208635693420382,3.736953729099879e-08,nan,nan,False,0.0,False,False,nan,linear_convergence_only,0.004,4,0,0.0,3.259964921809561e-11,3,True,120,0.26666666666666666,True,381,True
B31,fremlin:5_1:knot.5_1u,knot,1,LINEAR_FAIL,1,0.05221062978338678,0.05801181087042975,1.1111111111111112,0.6292683719593664,0.43670033679755715,0.0272715007796921,0.1160236217408595,inf,-0.05357031678215518,nan,nan,False,0.0,False,False,nan,linear_convergence_only,0.004,4,0,0.0,5.011917491959563e-28,3,True,360,0.08888888888888889,True,127,True
B32,knotplot:torus_3.6,torus_link,3,LINEAR_FAIL,3,0.06674029277052813,0.07415588085614237,1.1111658785165537,0.385478496696483,0.09639600529026941,0.2953160545772817,0.17143405811570483,0.1483190720976318,-0.32207406803966127,nan,nan,False,0.0,False,False,nan,linear_convergence_only,0.004,4,0,0.0,0.0006060987334503291,4,True,120,0.26666666666666666,True,381,True
B33,fremlin:6_2:knot.6_2p,knot,1,LINEAR_FAIL,1,0.018365822840954876,0.020406469823283195,1.1111111111111112,0.7293231346767522,0.5802888884671522,0.11023126349291078,0.00420095341411548,inf,0.4462597924989838,nan,nan,False,0.0,False,False,nan,linear_convergence_only,0.004,4,0,0.0,0.00995896659443759,11,True,360,0.08888888888888889,True,127,True
B34,fremlin:8_18:knot.8_18,knot,1,LINEAR_FAIL,1,0.03135631008454623,0.0348403445383847,1.1111111111111112,0.6274230937605939,0.3196475686739527,0.07865154045686193,1.2993220735726025e-14,inf,-0.056158317744586704,nan,nan,False,0.0,False,False,nan,linear_convergence_only,0.004,4,0,0.0,0.00022442238108429173,11,True,360,0.08888888888888889,True,127,True
B35,fremlin:8_11:knot.8_11,knot,1,LINEAR_FAIL,1,0.04834210792250143,0.05371345324722381,1.1111111111111112,0.4456855164091962,0.22073141928815124,0.03467209147991346,0.12069179080858032,inf,0.03975974028195328,nan,nan,False,0.0,False,False,nan,linear_convergence_only,0.004,4,0,0.0,0.00445784326048425,11,True,360,0.08888888888888889,True,127,True
B36,knotplot:link_6.2.1,link,2,LINEAR_FAIL,2,0.09560915165914627,0.10623239073238475,1.111116706137424,0.36127428120010735,0.055515071411133834,0.1573441423344438,0.2451047151436776,0.21246585133620807,0.15198005768299772,nan,nan,False,0.0,False,False,nan,linear_convergence_only,0.004,4,0,0.0,0.00037659417448655813,3,True,175,0.18285714285714286,True,254,True
B37,fremlin:6_2:knot.6_2,knot,1,LINEAR_PASS,1,0.08621429465933463,0.09579366073259403,1.1111111111111112,0.40458137505265507,0.050553477000173964,0.03933182781269597,0.19158732146518806,inf,0.2871166132871421,nan,nan,False,0.0,False,False,nan,linear_convergence_only,0.004,4,0,0.0,0.0029606439518602987,2,True,360,0.08888888888888889,True,127,True
B38,fremlin:8_13:knot.8_13d,knot,1,LINEAR_FAIL,1,0.013598339703031646,0.01510926633670183,1.1111111111111112,0.8922949105087098,0.831936582491749,0.27302667211993603,2.259113911767697e-14,inf,-0.22162933192146933,nan,nan,False,0.0,False,False,nan,linear_convergence_only,0.004,4,0,0.0,0.07244376318458282,2,True,360,0.08888888888888889,True,127,True
B39,knotplot:knot_5.2,knot,1,LINEAR_FAIL,1,0.10881151715249694,0.1209016857249966,0.6152403225960826,0.4956343175855544,0.023220669776037043,0.07173697405219,0.2418047358184288,inf,0.033644725725543986,nan,nan,False,0.0,False,False,nan,linear_convergence_only,0.004,4,0,0.0,0.013564818745011177,5,True,360,0.08888888888888889,True,127,True
B40,fremlin:4_1:knot.4_1p,knot,1,LINEAR_FAIL,1,0.032364493647071696,0.035960548496746327,1.111111111111111,0.5338580583205117,0.9725236702663129,0.06252118404286794,0.0018784065735314341,inf,3.179757937821724e-14,nan,nan,False,0.0,False,False,nan,linear_convergence_only,0.004,4,0,0.0,0.011437327665673215,13,True,360,0.08888888888888889,True,127,True
B41,knotplot:link_8.2.1,link,2,LINEAR_FAIL,2,0.07334459668301983,0.08149399631446648,1.1111138891126133,0.6234762426648996,0.02684396916296399,0.18986285898680996,0.2268253544501291,0.1629884001317325,0.6492121529796506,nan,nan,False,0.0,False,False,nan,linear_convergence_only,0.004,4,0,0.0,0.0006089030679366097,4,True,173,0.18497109826589594,True,254,True
B42,knotplot:knot_9.35,knot,1,LINEAR_FAIL,1,0.0693102065355826,0.07701134059509178,0.5888068941214404,0.5407977350467815,0.05837361111445677,0.08375400906091177,0.15402748175331699,inf,0.03734904465506983,nan,nan,False,0.0,False,False,nan,linear_convergence_only,0.004,4,0,0.0,0.005855268042518519,13,True,360,0.08888888888888889,True,127,True
B43,fremlin:7_6:knot.7_6s,knot,1,LINEAR_FAIL,1,0.043321723777407034,0.04813524864156337,1.1111111111111112,0.44790080784875175,0.13417545008359583,0.03166088250179967,0.12268497353667061,inf,-0.3962610481686814,nan,nan,False,0.0,False,False,nan,linear_convergence_only,0.004,4,0,0.0,0.014352743103569621,4,True,360,0.08888888888888889,True,127,True
B44,knotplot:torus_2.7,torus_knot,1,LINEAR_FAIL,1,0.08814069563325617,0.09793410625917352,0.7033375136593898,0.33585985694647447,0.17792800501477182,0.019627673773615073,0.19586882518157664,inf,-0.25912515199825875,nan,nan,False,0.0,False,False,nan,linear_convergence_only,0.004,4,0,0.0,9.42723636630734e-07,2,True,360,0.08888888888888889,True,127,True
B45,fremlin:5_1:knot.5_1p,knot,1,LINEAR_PASS,1,0.08372013055147269,0.0930223672794141,1.1111111111111112,0.27630645914625157,0.11105743983225377,0.06689713073523564,0.1860447345588282,inf,0.2795959814265775,nan,nan,False,0.0,False,False,nan,linear_convergence_only,0.004,4,0,0.0,0.0027577487118709346,10,True,360,0.08888888888888889,True,127,True
B46,fremlin:6_2:knot.6_2d,knot,1,LINEAR_FAIL,1,0.0070410542363206615,0.007823393595911846,1.111111111111111,0.75137473690303,0.3662591953701527,0.47442510269370597,1.1200973392997524e-14,inf,-0.05052344600869534,nan,nan,False,0.0,False,False,nan,linear_convergence_only,0.004,4,0,0.0,0.005616391453695073,21,True,360,0.08888888888888889,True,127,True
B47,fremlin:8_6:knot.8_6p,knot,1,LINEAR_FAIL,1,0.005194483038115266,0.005771647820128073,1.111111111111111,0.8495391245176096,0.3528616079026014,0.5187956921354897,0.0013709023940688455,inf,2.1365460423661932e-12,nan,nan,False,0.0,False,False,nan,linear_convergence_only,0.004,4,0,0.0,0.010086103468550413,9,True,360,0.08888888888888889,True,127,True
B48,knotplot:torus_2.3,torus_knot,1,LINEAR_FAIL,1,0.17266867434339075,0.1918540826037675,0.5360607250534749,0.3224006110154236,0.059879196523687006,0.054638344879219015,0.38370907743317956,inf,-0.055049581161779604,nan,nan,False,0.0,False,False,nan,linear_convergence_only,0.004,4,0,0.0,3.312926315842517e-08,3,True,360,0.08888888888888889,True,127,True
B49,fremlin:7_7:knot.7_7d,knot,1,LINEAR_FAIL,1,0.025343179684350958,0.02815908853816773,1.1111111111111112,0.716245302925044,0.7350627252424444,0.13422764584018898,1.1518170971646379e-14,inf,-0.09560585070712466,nan,nan,False,0.0,False,False,nan,linear_convergence_only,0.004,4,0,0.0,0.0062094294817025665,9,True,360,0.08888888888888889,True,127,True
B50,fremlin:7_6:knot.7_6d,knot,1,LINEAR_FAIL,1,0.03279328548719031,0.036436983874655895,1.1111111111111112,0.6470051444358101,0.3944434216504104,0.10597958424557552,2.8320897187840134e-14,inf,0.5738413092755797,nan,nan,False,0.0,False,False,nan,linear_convergence_only,0.004,4,0,0.0,0.002748913988822643,4,True,360,0.08888888888888889,True,127,True
B51,fremlin:7_5:knot.7_5,knot,1,LINEAR_PASS,1,0.06578244496415347,0.07309160551572608,1.111111111111111,0.3696933847231366,0.08410107792155357,0.043188609289504416,0.14618321103145215,inf,-0.07950186243471738,nan,nan,False,0.0,False,False,nan,linear_convergence_only,0.004,4,0,0.0,0.007426185716569254,7,True,360,0.08888888888888889,True,127,True
B52,knotplot:torus_2.4,torus_link,2,LINEAR_FAIL,2,0.1399872001993948,0.15554133355488312,0.9918136513580433,0.32813596384449273,0.04657995138785602,0.1715310843535486,0.2588048302784433,0.31108280064611005,0.06475346010070317,nan,nan,False,0.0,False,False,nan,linear_convergence_only,0.004,4,0,0.0,0.002552749473308504,2,True,180,0.17777777777777778,True,254,True
B53,fremlin:4_1:knot.4_1z,knot,1,LINEAR_PASS,1,0.12449138390530094,0.13832375989477882,1.1111111111111112,0.25343711917022155,0.0703832372870542,0.0310319078566153,0.27664751978955765,inf,0.2422247121392952,nan,nan,False,0.0,False,False,nan,linear_convergence_only,0.004,4,0,0.0,0.012560323964600415,8,True,360,0.08888888888888889,True,127,True
B54,knotplot:link_5.2.1,link,2,LINEAR_FAIL,2,0.10846645527985437,0.12051828364428263,1.0574782195873862,0.4074366228436985,0.025960548619651552,0.18813289504327327,0.21615095252717528,0.24103780101542388,0.2930495360711938,nan,nan,False,0.0,False,False,nan,linear_convergence_only,0.004,4,0,0.0,0.007954818646117114,2,True,159,0.20125786163522014,True,254,True
B55,knotplot:knot_6.1,knot,1,LINEAR_FAIL,1,0.09554519581956804,0.10616132868840893,0.6533052493440136,0.4830322159123858,0.05026577072356661,0.0556107163449948,0.2123238725163708,inf,-0.37103398539164334,nan,nan,False,0.0,False,False,nan,linear_convergence_only,0.004,4,0,0.0,0.020248148395664703,10,True,360,0.08888888888888889,True,127,True
B56,fremlin:8_12:knot.8_12z,knot,1,LINEAR_FAIL,1,0.054614232405093645,0.06068248045010405,1.1111111111111112,0.461460228055989,0.36991044078965224,0.02962783467691719,0.1213649609002081,inf,0.36483172485021964,nan,nan,False,0.0,False,False,nan,linear_convergence_only,0.004,4,0,0.0,5.131151354312308e-27,5,True,360,0.08888888888888889,True,127,True
B57,fremlin:6_1:knot.6_1,knot,1,LINEAR_PASS,1,0.0830194294302973,0.09224381047810812,1.1111111111111112,0.5199823224576595,0.07492588416908469,0.03939270510896152,0.18448762095621624,inf,-4.841836194992507e-14,nan,nan,False,0.0,False,False,nan,linear_convergence_only,0.004,4,0,0.0,0.0073968106951786475,6,True,360,0.08888888888888889,True,127,True
B58,knotplot:link_7.2.5,link,2,LINEAR_FAIL,2,0.07796238214533471,0.0866248690503719,1.0376572229164889,0.5481832619041307,0.029219544602111392,0.22974875307782608,0.1732511440764909,0.17325248836170182,1.1345833277639343,nan,nan,False,0.0,False,False,nan,linear_convergence_only,0.004,4,0,0.0,0.005250413308268222,3,True,146,0.2191780821917808,True,254,True
B59,knotplot:torus_6.21,torus_link,3,LINEAR_FAIL,3,0.012691658624940106,0.014101842916600119,1.111151236666078,0.568762802444233,0.3538643490582864,0.31983082735919094,0.0282529174867758,0.02820470435289179,-5.018366265640698,nan,nan,False,0.0,False,False,nan,linear_convergence_only,0.004,4,0,0.0,0.00031777577645637127,2,True,115,0.2782608695652174,True,381,True
B60,knotplot:torus_6.15,torus_link,3,LINEAR_FAIL,3,0.01882206557388158,0.020913406193201756,1.1111226683257172,0.4896527145665031,0.19970612448613156,0.30321624597076097,0.04183345132245829,0.04182724744770584,0.2618628568951346,nan,nan,False,0.0,False,False,nan,linear_convergence_only,0.004,4,0,0.0,0.0010675032810368895,4,True,117,0.27350427350427353,True,381,True
B61,fremlin:8_21:knot.8_21p,knot,1,LINEAR_FAIL,1,0.015129051179206671,0.01681005686578519,1.1111111111111112,0.8386949790560824,0.5068011950042471,0.1916594553199497,0.002396067132892103,inf,-3.887719173168824e-13,nan,nan,False,0.0,False,False,nan,linear_convergence_only,0.004,4,0,0.0,0.05974453181930495,4,True,360,0.08888888888888889,True,127,True
B62,knotplot:knot_7.2,knot,1,LINEAR_FAIL,1,0.08851170235864685,0.09834633595405205,0.7503542506602179,0.3503005954807773,0.04685025939280337,0.08912691250588807,0.19669627783889998,inf,-0.7994523274217396,nan,nan,False,0.0,False,False,nan,linear_convergence_only,0.004,4,0,0.0,0.009573605094310426,12,True,360,0.08888888888888889,True,127,True
B63,fremlin:8_14:knot.8_14r,knot,1,LINEAR_FAIL,1,0.010338616882692466,0.011487352091880518,1.1111111111111112,0.6882659036762022,0.9848414067560601,0.1884492013075995,0.004913016269455327,inf,5.822231516701931e-12,nan,nan,False,0.0,False,False,nan,linear_convergence_only,0.004,4,0,0.0,0.009173636770894245,11,True,360,0.08888888888888889,True,127,True
B64,knotplot:link_6.3.2,link,3,LINEAR_FAIL,3,0.0800026319881261,0.08889181332014011,1.045619884023864,0.5072883945585213,0.043042934973721664,0.3065408989362435,0.15771412091681375,0.17778465285483913,0.24402273811857356,nan,nan,False,0.0,False,False,nan,linear_convergence_only,0.004,4,0,0.0,0.019010548029776565,2,True,119,0.2689075630252101,True,381,True
B65,knotplot:link_0.2.1,unlink,2,LINEAR_PASS,2,0.15008658073342734,0.16676286748158595,1.2095969269442977,0.1016438099709567,0.09450581369098279,0.05490222416702613,0.26719791182671054,0.9461837010123486,-3.421280869743047e-13,nan,nan,False,0.0,False,False,nan,linear_convergence_only,0.004,4,0,0.0,1.4212722151221177e-11,4,True,180,0.17777777777777778,True,254,True
B66,knotplot:knot_8.18,knot,1,LINEAR_FAIL,1,0.07543091662242979,0.08381212958047754,0.7647964544847277,0.17692987801036214,0.0925883094816592,0.09207290653929802,0.1676276357852969,inf,0.5038087909005221,nan,nan,False,0.0,False,False,nan,linear_convergence_only,0.004,4,0,0.0,0.1260281367723017,8,True,360,0.08888888888888889,True,127,True
B67,fremlin:8_3:knot.8_3d,knot,1,LINEAR_FAIL,1,0.005338186642641957,0.005931318491824397,1.1111111111111112,0.9178579263185458,0.4010835553522939,0.3954414762645465,1.481761129193673e-14,inf,-1.147188317568232,nan,nan,False,0.0,False,False,nan,linear_convergence_only,0.004,4,0,0.0,0.00398001307940487,19,True,360,0.08888888888888889,True,127,True
B68,knotplot:torus_3.3,torus_link,3,LINEAR_FAIL,3,0.11025666324904561,0.12250740361005068,1.11112131319065,0.3884100286294364,0.04264732807993032,0.32033427487924665,0.1783401431286559,0.2450170569145977,0.014180541498869992,nan,nan,False,0.0,False,False,nan,linear_convergence_only,0.004,4,0,0.0,0.0001610266549645587,2,True,120,0.26666666666666666,True,381,True
B69,knotplot:knot_5.1,knot,1,LINEAR_FAIL,1,0.11937188133346091,0.13263542370384546,0.6822441394432855,0.3226020444120895,0.09345931950412127,0.03332945539586098,0.2652730590205312,inf,-0.1602707095133365,nan,nan,False,0.0,False,False,nan,linear_convergence_only,0.004,4,0,0.0,0.0010982862458855638,2,True,360,0.08888888888888889,True,127,True
B70,knotplot:knot_3.1,knot,1,LINEAR_FAIL,1,0.1726622310821477,0.19184692342460855,0.6585742102491745,0.322006438215031,0.05820230664871419,0.04640334457106342,0.3837047997367634,inf,-0.03494242828280092,nan,nan,False,0.0,False,False,nan,linear_convergence_only,0.004,4,0,0.0,0.0027028688481518016,7,True,360,0.08888888888888889,True,127,True
B71,knotplot:link_7.2.8,link,2,LINEAR_FAIL,2,0.09057112519106601,0.1006345835456289,1.0680196653784548,0.3250594390878226,0.03938354980576576,0.2294125429322748,0.17562226215220555,0.20126931971245388,-0.3105427066623406,nan,nan,False,0.0,False,False,nan,linear_convergence_only,0.004,4,0,0.0,0.009363414718153471,4,True,120,0.26666666666666666,True,254,True
B72,knotplot:knot_6.3,knot,1,LINEAR_FAIL,1,0.09773124635077506,0.1085902737230834,0.7626122603307273,0.2283487466512044,0.03318139663148411,0.09207160864727292,0.2171835137609501,inf,-0.18699882932657141,nan,nan,False,0.0,False,False,nan,linear_convergence_only,0.004,4,0,0.0,0.02186578719242835,10,True,360,0.08888888888888889,True,127,True
B73,fremlin:12a_1202:knot.12a_1202,knot,1,LINEAR_FAIL,1,0.00874615428246199,0.009717949202735545,1.1111111111111112,0.7924178767870885,0.6095327875342049,0.34031659095019196,0.003050777878647396,inf,-0.30268598163549987,nan,nan,False,0.0,False,False,nan,linear_convergence_only,0.004,4,0,0.0,0.017061612709782223,14,True,360,0.08888888888888889,True,127,True
B74,fremlin:7_3:knot.7_3d,knot,1,LINEAR_FAIL,1,0.04057650692890211,0.04508500769878013,1.1111111111111112,0.793821545703223,0.5703495150940651,0.09477460210649145,1.1278806086706858e-14,inf,0.348143237954282,nan,nan,False,0.0,False,False,nan,linear_convergence_only,0.004,4,0,0.0,0.027541456976075337,24,True,360,0.08888888888888889,True,127,True
B75,fremlin:10_1:knot.10_1n,knot,1,LINEAR_PASS,1,0.06594025407596851,0.07326694897329834,1.111111111111111,0.6476676327264691,0.049367224071095145,0.072773355855009,0.1465338979465967,inf,0.21689735142590078,nan,nan,False,0.0,False,False,nan,linear_convergence_only,0.004,4,0,0.0,0.048061217092500934,21,True,360,0.08888888888888889,True,127,True
B76,fremlin:12a_1202:knot.12a_1202z6,knot,1,LINEAR_FAIL,1,0.020286861742334485,0.02254095749148276,1.1111111111111112,0.6789351723694762,0.2150245726879298,0.12583096942600386,0.08521628823102102,inf,0.20676307345247347,nan,nan,False,0.0,False,False,nan,linear_convergence_only,0.004,4,0,0.0,8.201715356316853e-09,9,True,360,0.08888888888888889,True,127,True
B77,fremlin:8_7:knot.8_7d,knot,1,LINEAR_FAIL,1,0.02574756576616595,0.028608406406851056,1.1111111111111112,0.6259597117700962,0.4273797495837362,0.16025530111989994,1.3379014732219772e-14,inf,0.0011671762902578555,nan,nan,False,0.0,False,False,nan,linear_convergence_only,0.004,4,0,0.0,0.02805367120949205,4,True,360,0.08888888888888889,True,127,True
B78,knotplot:torus_2.6,torus_link,2,LINEAR_FAIL,2,0.10078600486188262,0.11198444984653624,1.1111328165215824,0.3341279745534719,0.06987355469308881,0.1641396491999403,0.2495561342063221,0.22397327489628305,0.3023798463188758,nan,nan,False,0.0,False,False,nan,linear_convergence_only,0.004,4,0,0.0,3.3043688610980524e-07,3,True,180,0.17777777777777778,True,254,True
B79,knotplot:knot_7.1,knot,1,LINEAR_FAIL,1,0.09202883304738302,0.10225425894153668,0.7491799323307211,0.3327629032809191,0.11734411316624267,0.036095183253203114,0.2045099993921374,inf,-0.297976914156697,nan,nan,False,0.0,False,False,nan,linear_convergence_only,0.004,4,0,0.0,0.0017209339849492786,2,True,360,0.08888888888888889,True,127,True
B80,fremlin:8_9:knot.8_9d,knot,1,LINEAR_FAIL,1,0.020136632710135494,0.02237403634459499,1.111111111111111,0.6309748782053467,0.6125695323700879,0.13299147803648287,1.1251533021503695e-14,inf,-0.9483604779458527,nan,nan,False,0.0,False,False,nan,linear_convergence_only,0.004,4,0,0.0,0.004588758432869672,11,True,360,0.08888888888888889,True,127,True
B81,knotplot:link_6.3.3,link,3,LINEAR_FAIL,3,0.103517159479893,0.11501906608877,1.1111184845278266,0.44132353679394437,0.03185131266611289,0.3167936813219631,0.1685815518755552,0.2300396587278481,-0.7714645959450761,nan,nan,False,0.0,False,False,nan,linear_convergence_only,0.004,4,0,0.0,0.0014035657731136556,2,True,115,0.2782608695652174,True,381,True
B82,fremlin:5_2:knot.5_2,knot,1,LINEAR_PASS,1,0.10185053661725527,0.11316726290806141,1.1111111111111112,0.5702462087637902,0.032426547039821396,0.03693586300378523,0.22633452581612282,inf,0.010511371021029031,nan,nan,False,0.0,False,False,nan,linear_convergence_only,0.004,4,0,0.0,0.0002660683896094896,2,True,360,0.08888888888888889,True,127,True
B83,fremlin:4_1:knot.4_1d,knot,1,LINEAR_FAIL,1,0.04132587409336054,0.04591763788151171,1.111111111111111,0.5964310272797663,0.4527247391268385,0.0626152339259403,2.925768316739009e-14,inf,-0.25138905223610986,nan,nan,False,0.0,False,False,nan,linear_convergence_only,0.004,4,0,0.0,0.02507049165381892,24,True,360,0.08888888888888889,True,127,True
B84,fremlin:8_4:knot.8_4,knot,1,LINEAR_FAIL,1,0.009129862547764248,0.010144291719738054,1.1111111111111112,0.7802807020636557,0.999999738206159,0.172454289545418,0.020288583439476107,inf,-8.993917601068484e-13,nan,nan,False,0.0,False,False,nan,linear_convergence_only,0.004,4,0,0.0,0.0670079892182371,20,True,360,0.08888888888888889,True,127,True
B85,knotplot:torus_6.9,torus_link,3,LINEAR_FAIL,3,0.02580392873486498,0.028671031927627755,1.1111535365523795,0.5110263849610461,0.14347433010385102,0.30508811925017987,0.07507014879033652,0.05734425334138159,-1.105316544581913,nan,nan,False,0.0,False,False,nan,linear_convergence_only,0.004,4,0,0.0,0.0036567528881050193,3,True,119,0.2689075630252101,True,381,True
B86,knotplot:knot_4.1,knot,1,LINEAR_FAIL,1,0.12603573175454796,0.14003970194949772,0.5492786176152142,0.47992978082366416,0.05862447452322046,0.058485478051022846,0.28008514425766484,inf,0.22909751832379938,nan,nan,False,0.0,False,False,nan,linear_convergence_only,0.004,4,0,0.0,0.01044362451756804,2,True,360,0.08888888888888889,True,127,True
B87,fremlin:7_2:knot.7_2,knot,1,LINEAR_PASS,1,0.07307564160131028,0.0811951573347892,1.1111111111111112,0.6137490148163955,0.055705062485861184,0.06599125329035478,0.1623903146695784,inf,0.10507889857210242,nan,nan,False,0.0,False,False,nan,linear_convergence_only,0.004,4,0,0.0,3.28129322559703e-28,5,True,360,0.08888888888888889,True,127,True
B88,knotplot:knot_9.2,knot,1,LINEAR_FAIL,1,0.06980089789447738,0.07755655321608598,0.7157816417869565,0.4345413726699912,0.07835707681494813,0.07804378357045373,0.15511325419115768,inf,-1.0861821292187543,nan,nan,False,0.0,False,False,nan,linear_convergence_only,0.004,4,0,0.0,2.1010261135995952e-05,11,True,360,0.08888888888888889,True,127,True
B89,fremlin:8_4:knot.8_4d,knot,1,LINEAR_FAIL,1,0.008184328020992629,0.009093697801102921,1.1111111111111112,0.8247366271538753,0.9999999999999947,0.357994178964477,1.8706156167931073e-14,inf,0.42429554236867123,nan,nan,False,0.0,False,False,nan,linear_convergence_only,0.004,4,0,0.0,0.017073387894663575,2,True,360,0.08888888888888889,True,127,True
B90,fremlin:7_2:knot.7_2d,knot,1,LINEAR_FAIL,1,0.021698173106379504,0.024109081229310558,1.111111111111111,0.7400577366358617,0.9651580178367041,0.17197049130244052,2.3503593477807122e-14,inf,-0.16581474128040416,nan,nan,False,0.0,False,False,nan,linear_convergence_only,0.004,4,0,0.0,0.009507993780051327,20,True,360,0.08888888888888889,True,127,True
B91,knotplot:link_7.2.6,link,2,LINEAR_FAIL,2,0.061710878688475156,0.06856764298719462,1.1111266509193995,0.4631199360796836,0.030112446391040125,0.33983286409012975,0.1328304160140545,0.1371372039248375,2.1626739407701008,nan,nan,False,0.0,False,False,nan,linear_convergence_only,0.004,4,0,0.0,0.00504681370930731,2,True,95,0.3368421052631579,True,254,True
B92,fremlin:9_2:knot.9_2n,knot,1,LINEAR_PASS,1,0.07210531598913282,0.08011701776570314,1.1111111111111112,0.38655635955004825,0.0623258006526408,0.0831582675910674,0.16023403553140628,inf,0.9337129692684597,nan,nan,False,0.0,False,False,nan,linear_convergence_only,0.004,4,0,0.0,0.01055597829774031,3,True,360,0.08888888888888889,True,127,True
B93,fremlin:8_21:knot.8_21d,knot,1,LINEAR_FAIL,1,0.029811937328073614,0.03312437480897068,1.1111111111111112,0.8777608791319101,0.3425454732369664,0.06754909791882388,2.5430582924735814e-14,inf,-0.1598983164438062,nan,nan,False,0.0,False,False,nan,linear_convergence_only,0.004,4,0,0.0,0.0021701363998254198,21,True,360,0.08888888888888889,True,127,True
B94,knotplot:torus_3.9,torus_link,3,LINEAR_FAIL,3,0.05077515380764764,0.056416837564052934,1.111117213236643,0.36015178167358264,0.08983200246855283,0.29707137212555634,0.15116010557873272,0.11283429480083072,0.040606348978492135,nan,nan,False,0.0,False,False,nan,linear_convergence_only,0.004,4,0,0.0,0.0006782087860910512,5,True,113,0.2831858407079646,True,381,True
B95,fremlin:8_1:knot.8_1d,knot,1,LINEAR_FAIL,1,0.02098590382901877,0.023317670921131968,1.1111111111111112,0.8105052516890514,0.23767130588041296,0.22033745080971243,4.327643398509207e-16,inf,0.6048676397318689,nan,nan,False,0.0,False,False,nan,linear_convergence_only,0.004,4,0,0.0,0.03826439932866015,20,True,360,0.08888888888888889,True,127,True
B96,fremlin:8_1:knot.8_1,knot,1,LINEAR_FAIL,1,0.06210514653684085,0.06900571837426761,1.1111111111111112,0.5933988906857347,0.1372820435619021,0.04110860352169297,0.13801143674853522,inf,-0.34962117150146793,nan,nan,False,0.0,False,False,nan,linear_convergence_only,0.004,4,0,0.0,0.008261801181484429,4,True,360,0.08888888888888889,True,127,True
B97,fremlin:8_21:knot.8_21r,knot,1,LINEAR_FAIL,1,0.026833751007207318,0.02981527889689702,1.1111111111111112,0.5352859341727898,0.2965711110409652,0.03740341948303648,0.023591713279849335,inf,0.09801402879246357,nan,nan,False,0.0,False,False,nan,linear_convergence_only,0.004,4,0,0.0,0.01967852963869336,3,True,360,0.08888888888888889,True,127,True
B98,fremlin:8_18:knot.8_18z,knot,1,LINEAR_FAIL,1,0.06775132082119294,0.07527924535688103,1.111111111111111,0.2306184171006835,0.1464386615062773,0.031857973170273335,0.15055849071376207,inf,-0.07566541088821732,nan,nan,False,0.0,False,False,nan,linear_convergence_only,0.004,4,0,0.0,0.057501267249653036,4,True,360,0.08888888888888889,True,127,True
B99,knotplot:knot_7.3,knot,1,LINEAR_FAIL,1,0.08840898224035415,0.09823220248928238,0.6625371626357915,0.3997590923775335,0.03314332708749173,0.08159630360261241,0.19647039401508748,inf,0.293399124417108,nan,nan,False,0.0,False,False,nan,linear_convergence_only,0.004,4,0,0.0,0.005050523728987901,13,True,360,0.08888888888888889,True,127,True
